[
  {
    "name": "美国Meadowlark optics公司",
    "logo": "company_11.jpg",
    "description": "美国Meadowlark Optics公司(Meadowlark Optics, Inc.)于1979年由美国国家大气研究中心的科学家Tom Baur先生创立。如今Meadowlark Optics公司已经成为全球顶级的偏振光学元器件制造商。Meadowlark Optics公司产品包括超高精度偏振片、液晶相位延迟器、液晶空间光调制器、液晶可调谐滤波器、偏振测量仪、全息光镊等。",
    "detail_url": "https://www.auniontech.com/logo-11.html"
  },
  {
    "name": "德国Cinogy公司",
    "logo": "company_16.jpg",
    "description": "德国Cinogy公司是世界著名的光束质量分析仪生产厂家，Cinogy提供各种高质量，高性价比的光束质量分析仪。值得一提的是Cinogy公司为大功率二氧化碳激光器专门设计的高分辨率二氧化碳激光器光束质量分析仪（CO2 laser beam profiler），得益于其极高的分辨率（可达百万像素）及其优秀的实时显示功能，LaserDec已成为二氧化碳激光器（连续型或脉冲型）光束分析的必备工具。昊量光电作为CINOGY公司在中国区域的独家代理商，全权负责其在中国的销售、售后与技术支持工作。",
    "detail_url": "https://www.auniontech.com/logo-16.html"
  },
  {
    "name": "英国Gooch＆Housego公司",
    "logo": "company_60.jpg",
    "description": "Gooch＆Housego是一家光电科技公司，总部位于英国Ilminster Somerset，业务遍及美国和欧洲。作为该领域的世界领导者，该公司研究、设计、制造先进的光学系统、组件和仪器，应用于航空航天与国防、工业、生命科学和科研部门。世界领先的设计、开发和制造的专业知识提供广泛的补充技术。",
    "detail_url": "https://www.auniontech.com/logo-60.html"
  },
  {
    "name": "芬兰SPECIM公司",
    "logo": "company_70.jpg",
    "description": "芬兰Specim是高光谱成像生产供应商。昊量光电是芬兰Specim在国内的代理商，是作为这一领域的先驱，成立于1995年。国际团队有70多名专业人员，在光学、电子、软件和机器视觉方面具有专长，为市场提供广泛的高光谱相机、成像光谱仪、系统和附件。以优质的产品和高性价比的支持，成为值得信赖的合作伙伴。",
    "detail_url": "https://www.auniontech.com/logo-70.html"
  },
  {
    "name": "美国Wasatch Photonics公司",
    "logo": "company_111.jpg",
    "description": "asatch Photonics通过基于行业领先的OCT光栅的创新解决方案来实现这些应用。我们的专利设计减少了衰减，增加了灵敏度，从而获得更快、更清晰的图像。无论您是研究人员还是OEM，我们都将为您提供合适的光栅或光谱仪，帮助您快速构建能够捕捉所需图像的系统。探索我们构建OCT系统的技巧，或联系我们以获取针对您独特应用和需求的建议。",
    "detail_url": "https://www.auniontech.com/logo-111.html"
  },
  {
    "name": "美国Chroma公司",
    "logo": "company_59.jpg",
    "description": "Chroma于1991年成立于美国佛蒙特州，是一家主要生产干涉滤光片的公司，采用目前先进的磁控溅射镀膜工艺，致力于生产高精度波谱控制，高信噪比，陡斜率的滤光片。产品范围非常广泛，包括紫外，可见和近红外的各种类型滤光片。其中有带通，多波段带通，长通，短通，陷波，二向色镜等。产品主要分为荧光，拉曼，机器视觉以及天文等四大类。",
    "detail_url": "https://www.auniontech.com/logo-59.html"
  },
  {
    "name": "荷兰Admesy公司",
    "logo": "company_28.jpg",
    "description": "荷兰Admesy公司拥有广泛的色度计、光谱仪等测试测量仪器。专注于生产过程中在线颜色和光学测量，涵盖了大部分的测量原理和适用于当今最苛刻的生产环境中。所有的产品都是按工业应用、坚固易集成等要求开发的。",
    "detail_url": "https://www.auniontech.com/logo-28.html"
  },
  {
    "name": "德国ViALUX公司",
    "logo": "company_39.jpg",
    "description": "德国ViALUX公司作为德州仪器TI官方合作伙伴，自2001年以来，ViALUX一直致力于为各种基于DLP/DMD数字微镜/DLP数字光处理/DMD空间光调制器技术的应用提供最先进的解决方案。现在ViALUX已成为高性能DLP产品的代名词，并于2005年获得ISO 9001认证。",
    "detail_url": "https://www.auniontech.com/logo-39.html"
  },
  {
    "name": "美国Hinds Instruments公司",
    "logo": "company_14.jpg",
    "description": "美国Hinds Instruments, Inc公司是世界著名的（同时也是世界唯一的一家）光弹调制器（photoelastic modulators）生产商。Hinds Instruments公司的PEM光弹调制器可以控制光束的偏振状态的改变，调制速率为20~100kHz。光弹调制器（PEM）的作用就像一个“动态的波片”，可以使快轴和慢轴之间产生一个周期变化的折射率差，从而控制透过光束的偏振进行周期性的变化。具体而言即，光弹调制器（photoelastic modulators）通过对线偏振光添一定的相位",
    "detail_url": "https://www.auniontech.com/logo-14.html"
  },
  {
    "name": "德国CeramOptec公司",
    "logo": "company_36.jpg",
    "description": "德国CeramOptec公司是一家高质量的医疗、工业和科技用光纤产品的制造商，能为用户提供世界一流的光纤产品，包括医用、工业信息传输和传感、激光光谱分析技术直至供等离子体研究的特种装置。CeramOptec公司通过与设在美国Enfield的CeramOptec公司合作，以及同以著名诺贝尔奖金获得者A．M．Prokhorov为首的全俄科学院普通物理研究所合资．共同开发出CT 和CeramOptec系统。使CeramOptec公司能向用户提供符合国际标准的新技术产品。 昊量光电作为CeramOptec公司在中",
    "detail_url": "https://www.auniontech.com/logo-36.html"
  },
  {
    "name": "法国iXblue公司",
    "logo": "company_21.jpg",
    "description": "IXblue Photonics 是IXblue集团收购IXfiber和Photline公司之后成立的特种光纤及调制解决方案事业部。拓展后的团队完全专注于光子学方面的研究，包括光纤预制成行加工、光纤拉伸、波导晶体加工、射频设计及组件封装等关键技术。 至此，多个研究方向的资深光学技术专家、工程师聚集在IXBlue Photonics这个统一的部分中，利用其协同效应为客户提供新的更完整的光纤解决方案，确保IXblue Photonics在光纤及调制器解决方案领域处于领先地位。",
    "detail_url": "https://www.auniontech.com/logo-21.html"
  },
  {
    "name": "德国INSION 公司",
    "logo": "company_13.jpg",
    "description": "德国INSION公司开创性的将集成光学技术应用到光纤光谱仪产品上，将光纤光谱仪所有光学元器件集成在一块基底材料上（One-chip design），从而设计生产出了世界最小的微型光纤光谱仪（厚度仅为9.5mm）。INSION所有产品和过程开发与建立全部按照ISO9001和ISO13485的规章制度。其产品已被包括飞利浦公司（Philips）在内多家国际大型企业采用制作各种便携，及在线监测设备。昊量光电作为INSION公司在中国区域的独家代理商，全权负责其在中国的销售、售后与技术支持工作。",
    "detail_url": "https://www.auniontech.com/logo-13.html"
  },
  {
    "name": "韩国Nanobase公司",
    "logo": "company_46.jpg",
    "description": "韩国Nanobase公司致力于研发和生产各种外腔式可调谐半导体激光器及高性能共焦拉曼光谱仪、光电流mapping系统，荧光寿命成像系统，膜厚测量仪及电池测试设备。昊量光电作为NANOBASE公司在中国区域的独家代理商，全权负责其在中国的销售、售后与技术支持工作。",
    "detail_url": "https://www.auniontech.com/logo-46.html"
  },
  {
    "name": "俄罗斯Scontel公司",
    "logo": "company_47.jpg",
    "description": "俄罗斯Scontel公司(Superconducting Nanotechnology)是世界著名的超导探测器制造厂商，以生产超快、超灵敏的超导探测器而闻名，其超导单光子探测器可覆盖可见光到远红外及THZ范围。昊量光电作为SCONTEL公司在中国区域的独家代理商，全权负责其在中国的销售、售后与技术支持工作。",
    "detail_url": "https://www.auniontech.com/logo-47.html"
  },
  {
    "name": "美国ConOptics公司",
    "logo": "company_17.jpg",
    "description": "美国ConOptics公司成立于1981年，是世界知名的光学与激光器附件领域供应商。作为激光及光学附件领域的市场主导者，ConOptics所生产的产品包括电光调制器和调制系统、光隔离器、噪声消除器，用于脉冲选择或者再生放大的开关系统和激光光束定位系统等。昊量光电作为CONOPTICS公司在中国区域的独家代理商，全权负责其在中国的销售、售后与技术支持工作。",
    "detail_url": "https://www.auniontech.com/logo-17.html"
  },
  {
    "name": "法国Oxxius公司",
    "logo": "company_18.jpg",
    "description": "Oxxius是世界著名的单纵模激光器，小功率激光器生产厂商，其产品广泛应用于生物检测，测量，光谱等领域。其所产品包括，375nm, 405nm, 445nm, 473nm (单纵模), 488nm, 515nm, 532nm, 553nm, 559nm, 561nm, 588nm, 638nm, 642nm, 660nm, 705nm, 730nm, 785nm等，几乎包括目前所有商用的半导体激光器及固体激光器波长。",
    "detail_url": "https://www.auniontech.com/logo-18.html"
  },
  {
    "name": "加拿大Photon etc公司",
    "logo": "company_29.jpg",
    "description": "加拿大Photon etc公司专业提供各种科研级成像解决方案。 从太阳能光伏测试到生物活细胞观察，我们的高速高光谱成像系统为工业研发难题提供解决方案，为科研人员的创新提供有力支持。 除了我们公认的高光谱显微镜和广视场系统，我们还开发了专门适用于工业应用的独特的近红外摄像机。",
    "detail_url": "https://www.auniontech.com/logo-29.html"
  },
  {
    "name": "法国Cristal Laser公司",
    "logo": "company_19.jpg",
    "description": "法国Cristal Laser SA公司创建于1990。目前已成为世界最著名的非线性晶体生产厂商之一。公司主要产品包括KTP晶体，抗灰迹KTP晶体（KTP.fr），KTA晶体，RTP晶体，LBO晶体，BBO晶体等。广泛用于科研，工业及国防领域。昊量光电作为Cristal Laser公司在中国区域的独家代理商，全权负责其在中国的销售、售后与技术支持工作。",
    "detail_url": "https://www.auniontech.com/logo-19.html"
  },
  {
    "name": "法国SPARK LASERS公司",
    "logo": "company_20.jpg",
    "description": "法国SPARK LASERS 公司专注于不断创新、开发、研制新一代高性能、紧凑型皮秒激光器。SPARK LASERS公司在光子学领域有着长达15年的丰富经验，具有很强的研发实力。SPARK LASERS公司基于先进技术研发出的多款皮秒激光产品具有高可靠性、小尺寸、高能量等特点，可以很好地满足工业（生物医学加工、半导体检测、各种精确微加工过程）和科研（荧光、光谱学、计量学）等应用方面的需求。",
    "detail_url": "https://www.auniontech.com/logo-20.html"
  },
  {
    "name": "法国PHOTONICS BRETAGNE公司",
    "logo": "company_30.jpg",
    "description": "法国PHOTONICS BRETAGNE公司是光子晶体光纤独立制造领导企业，长期专注于光子晶体光纤的技术研发，推出的产品参数齐全、种类丰富主要涵盖了超大数值孔径空气包层光子晶体光纤、宽温保偏光子晶体光纤、高非线性光子晶体光子光纤、柚子型光子晶体光纤、全波段无截止单模光子晶体光纤等，被广泛应用于功率传输、光纤传感、超连续谱的产生、光谱学等多种领域。",
    "detail_url": "https://www.auniontech.com/logo-30.html"
  },
  {
    "name": "美国Vixar公司",
    "logo": "company_15.jpg",
    "description": "美国Vixar公司是世界领先的垂直腔面发射激光器 (VCSEL laser)生产商。美国Vixar公司提供各种波长及封装形式的高性能、高性价比VCSEL激光器及VCSEL模块，广泛应用于工业传感、办公设备、生物医疗及国防工业等领域。昊量光电作为VIXAR公司在中国区域的独家代理商，全权负责其在中国的销售、售后与技术支持工作。",
    "detail_url": "https://www.auniontech.com/logo-15.html"
  },
  {
    "name": "德国Sciospec公司",
    "logo": "company_92.jpg",
    "description": "上海昊量光电设备有限公司与德国sciospec的国内独家代理授权，体现了德国sciospec公司对上海昊量光电设备有限公司市场销售的专业度及售后技术支持力量的高度认可。",
    "detail_url": "https://www.auniontech.com/logo-92.html"
  },
  {
    "name": "德国XIMEA公司",
    "logo": "company_93.jpg",
    "description": "XIMEA公司于1992年在德国成立，经过三十年的发展，德国XIMEA公司已成为一个产品种类多样，功能丰富，综合实力强劲的公司。德国XIMEA公司主营生产的高速相机，高分辨率相机，高光谱相机等种类的相机是整个相机行业的领导者。除了标准产品的提供，XIMEA公司有能力根据客户的具体应用，在短时间内完成复杂的任务，提供特定的OEM定制服务。",
    "detail_url": "https://www.auniontech.com/logo-93.html"
  },
  {
    "name": "美国ALIO公司",
    "logo": "company_94.jpg",
    "description": "ALIO Industries 成立于 2001 年，由一支由杰出工程师组成的无与伦比的团队推动，他们痴迷于纳米级运动控制、客户成功以及尽可能突破感知界限。在拉丁语中，ALIO 的意思是“A Better Way”，自 2001 年以来，ALIO Industries 一直在创造更好的方法来满足行业对纳米级运动控制的需求。今天，ALIO非常重视对客户的响应。作为一家公司，我们一直专注于纳米级精度，因此我们拥有声誉、知识库和稳定性，这在需要超精确和可靠的运动控制时是无法比拟的。与 ALIO 作为您的合作伙伴",
    "detail_url": "https://www.auniontech.com/logo-94.html"
  },
  {
    "name": "匈牙利CE Optics公司",
    "logo": "company_49.jpg",
    "description": "CE Optics 成立于2007年，是斯格德大学光学与量子电学系，Tewati研究小组的衍生公司。CE Optics专注于提供超快激光诊断，色散测量与控制，频率梳和载波包络相位产品。产品基于纯线性光学光谱解析干涉技术，对超短脉冲的色散特性及载波包络相位测量及控制，是CPA技术的理想辅助工具。CE Optics公司坐落于匈牙利光学与激光物理高等教育与研究应用中心塞格德，拥有塞格德大学的数个研究机构。此外，塞格德还主持了即将完工的阿秒激光设施ELI-ALPS。昊量光电作为CE OPTICS公司在中国区域的独",
    "detail_url": "https://www.auniontech.com/logo-49.html"
  },
  {
    "name": "瑞士Zurich Instruments公司",
    "logo": "company_50.jpg",
    "description": "瑞士苏黎世仪器公司（Zurich Instruments）是先进的动态信号分析测试和测量仪器研发和销售领导者。致力于高端锁相放大器，锁相环，宽频阻抗谱仪等设备的研发与制造，是目前商业锁相频率的世界纪录保持者，高端锁相放大器主导者。Zurich Instruments设备被用在许多领域应用的高科技研究实验室和工业研发机构。瑞士苏黎世仪器公司（Zurich Instruments）的愿景是通过融合最新的模拟和数字技术开发出高频(HF)和超高频(UHF)范围前所未有的功能强大的测量系统，彻底改变仪器领域现状。",
    "detail_url": "https://www.auniontech.com/logo-50.html"
  },
  {
    "name": "俄罗斯Avesta公司",
    "logo": "company_68.jpg",
    "description": "俄罗斯Avesta公司开发和制造飞秒激光振荡器和放大器（固态和基于光纤的）以及超快速诊断工具和各种激光组件。提供Ti：Sapphire（钛宝石），Yb掺杂，Cr：Forsterite固态超快和CW激光器，以及掺Er和Yb掺杂的超快光纤激光器；在测量领域，提供脉冲持续时间测量设备、光谱仪、光谱相位测量；在组件方面，提供脉冲拾取器、谐波发生器、法拉第旋转器和隔离器、光衰减器、太赫兹发生器、拉曼移位器、中空纤维脉冲压缩机和色散管理单元。Avesta公司所有的系统都是内部生产的，截至2018年，Avesta在俄罗",
    "detail_url": "https://www.auniontech.com/logo-68.html"
  },
  {
    "name": "美国Calamr公司",
    "logo": "company_69.jpg",
    "description": "美国Calamr公司成立于1996年，凭借其易用性、卓越的性能和紧凑可靠的设计，其超快光纤激光器在过去的几年中取得了爆炸性的增长，并在各种工业和科研应用中赢得了重要的市场份额，凭借超过24年的皮秒和飞秒光纤激光器专业技术，Calmar处于成为该领域领导者的完美位置。",
    "detail_url": "https://www.auniontech.com/logo-69.html"
  },
  {
    "name": "日本NEOARK公司",
    "logo": "company_52.jpg",
    "description": "日本NEOARK公司于1975年创立，如今NEOARK公司发展为全球顶级的磁性测量及光学设备制造商。NEOARK 公司产品主要包括磁光克尔显微镜、MOKE磁性测量系统、DMD无掩膜光刻机、稳频激光器、高频振动测量仪、频率梳等。NEOARK公司研发的产品性价比高、配置灵活、可根据客户需求进行定制化等特点，可以很好的满足工业和科研等方面的需求。目前上海昊量光电设备有限公司目前全权负责NEOARK公司在中国地区的所有市场推广、销售以及售后服务等方面的工作。",
    "detail_url": "https://www.auniontech.com/logo-52.html"
  },
  {
    "name": "法国GLOphotonics公司",
    "logo": "company_54.jpg",
    "description": "法国GLOphotonics公司专业生产高功率超快激光传输用光子晶体光纤。其Kagome空心光子晶体光纤是一种不依赖带隙导光的新型空心微结构光纤，其结构设计灵活、损伤阈值高、损耗低（高透区损耗可低至~40dB/km）、支持宽带传输（100-500nm），并可通过改变纤芯所充气体及调节气压实现对光纤色散、非线性效应的有效调制，在超快激光传输、强场物理、超强激光技术等领域研究中优势突出。",
    "detail_url": "https://www.auniontech.com/logo-54.html"
  },
  {
    "name": "美国Minus k公司",
    "logo": "company_55.jpg",
    "description": "Minus K公司于1993年成立于美国洛杉矶，公司基于专利的“负刚度”技术研发和制造出市场上性能顶尖的隔振平台设备。Minus K“负刚度”技术提供了一种简单、可靠、高效的振动隔离解决方案，适用于对低频振动较为灵敏的仪器，例如建筑物和楼层振动、光学平台晃动带来的低频振动，使用Minus K隔震平台，可使其降至传统隔离设备如气垫隔振所未能达到的水平，从而使得对这些振动较为敏感的仪器或设备以无与伦比稳定的状态运行。优异的隔振效果使其应用范围非常广泛，适用于所有需要进行高效隔振的实验平台，目前为止，已应广泛用",
    "detail_url": "https://www.auniontech.com/logo-55.html"
  },
  {
    "name": "加拿大INO公司",
    "logo": "company_56.jpg",
    "description": "加拿大INO公司凭借在有源光纤设计及生产方面的独特经验为客户提供多种创新方案。INO拥有多项最新的大模场（LMA）光纤设计专利，这些最新设计在脉冲光纤放大输出功率及能量表现出卓越性能，同时保持了较高的光束质量及指向稳定。INO是目前世界上少数几家独立的光纤制造商之一，它的使命是为客户提供定制型光纤。INO为多级激光放大器提供高度专业化定制光纤并提供无源光纤设计方案。",
    "detail_url": "https://www.auniontech.com/logo-56.html"
  },
  {
    "name": "日本Meiritz公司",
    "logo": "company_57.jpg",
    "description": "日本MEIRITZ公司成立于1968年，拥有超过50年的光学隔振平台生产及研发历史。 光学平台主要用于光学平台隔振，隔振原理包括空气弹簧隔振，橡胶隔震，隔振技术先进。",
    "detail_url": "https://www.auniontech.com/logo-57.html"
  },
  {
    "name": "德国Greateye公司",
    "logo": "company_58.jpg",
    "description": "Greateyes GmbH是德国一家全球知名的科学高性能成像和光谱应用相机制造商。公司致力于创新、尖端的技术，并致力于持续的产品改进。基于独特的技术平台，可提供丰富的X射线、EUV到VIS和NIR波段，高动态范围、卓越灵敏度的产品系列。",
    "detail_url": "https://www.auniontech.com/logo-58.html"
  },
  {
    "name": "瑞士Arcoptix公司",
    "logo": "company_61.jpg",
    "description": "Arcoptix是一家光学测量系统制造商，2005年创立。这家公司最受欢迎的核心产品是FTIR光谱仪和液晶系统。Arcoptix与EPFL（瑞士联邦洛桑理工学院）、BFH（伯尔尼应用科学大学）和当地高科技企业有着密切的合作关系。通过这些合作，在光学和微技术领域拥有高科技制造和表征设备以及专业知识。Arcoptix有着与广泛的客户合作，主要业务是基于独特的FTIR光谱仪。除此之外，还为一些公司的研发部门开发光学系统。",
    "detail_url": "https://www.auniontech.com/logo-61.html"
  },
  {
    "name": "法国AUREA Technology公司",
    "logo": "company_67.jpg",
    "description": "AUREA Technology是法国一家知名的探测器供应商，公司致力于尖端技术的研发，基于先进的单光子雪崩光电二极管，超快激光二极管和快速定时电子设备，设计和制造了新一代高性能，功能齐全的近红外探测器。作为全球技术领导者之一，AUREA技术提供盖革模式单光子计数，皮秒激光源，快速时间关联和光纤传感仪器。",
    "detail_url": "https://www.auniontech.com/logo-67.html"
  },
  {
    "name": "挪威Zivid公司",
    "logo": "company_62.jpg",
    "description": "Zivid是市场首屈一指的3D机器视觉以及下一代机器人与工业自动化系统的供应商。Zivid one plus可以为智慧工厂以及工业4.0提供3D视觉系统。经过20多年的内部研发，凭借3D机器视觉硬件与软件深厚的专业知识，Zivid能够应用在一系列应用中，例如：卸垛、拣货、抓取存放、装配、包装、和质量控制等，大幅度的提升企业效率和生产力。",
    "detail_url": "https://www.auniontech.com/logo-62.html"
  },
  {
    "name": "澳大利亚MOGLabs公司",
    "logo": "company_63.jpg",
    "description": "MOGLabs澳大利亚和MOGLabs美国雇佣了许多科学家和工程师，合作单位包括悉尼大学、澳大利亚国立大学、莫纳什大学、皇家墨尔本理工大学和阿德莱德大学等。其产品包括：CEL系列Cateye可调谐半导体激光器，LDL系列Littrow可调谐半导体激光器，MSA/MOA系列光放大器，DLC半导体激光器控制器，LDD半导体激光器驱动，FSC系列PID控制器，FZW紧凑斐索波长计，MWM经济型波长计，PDA030光电探测器，PD001平衡探测器，射频RF合成器，AOM驱动器等。其产品广泛应用于冷原子、波色爱因斯",
    "detail_url": "https://www.auniontech.com/logo-63.html"
  },
  {
    "name": "芬兰Spectral Engines公司",
    "logo": "company_64.jpg",
    "description": "Spectral Engines公司基于MEMS技术的法布里-珀罗干涉原理开发出多种微型近红外光谱传感器，现有5款不同型号的基于MEMS技术的微型近红外光谱探测器，具有低成本、集成度高、体积小质量轻（小于15g）、可选择性好、覆盖近红外全谱段的优点，易于集成开发和物联网技术相结合，将近红外技术应用到实际生活中去。",
    "detail_url": "https://www.auniontech.com/logo-64.html"
  },
  {
    "name": "德国PROTECT公司",
    "logo": "company_65.jpg",
    "description": "PROTECT-Laserschutz GmbH是一家专注于激光防护产品生产、研发的公司，其激光防护产品广泛应用于工业、医学和科研领域。PROTECT公司在激光防护方面拥有多年的经验，在激光和职业安全防护领域拥有广泛专业知识，可以提供最优的解决方案和最具竞争力的价格。其产品线包括激光安全防护眼镜，激光安全防护帘等。根据客户需求，可提供定制化解决方案。",
    "detail_url": "https://www.auniontech.com/logo-65.html"
  },
  {
    "name": "立陶宛OptoGama公司",
    "logo": "company_66.jpg",
    "description": "Optogama成立于2015年，是一家高科技公司，致力于设计，开发和商业化定制独特的激光产品。开发用于分析和光谱仪器，汽车，传感，医疗，国防和材料加工激光应用的技术",
    "detail_url": "https://www.auniontech.com/logo-66.html"
  },
  {
    "name": "德国quTools公司",
    "logo": "company_73.jpg",
    "description": "quTools是一家位于德国南部慕尼黑，是一家提供量子信息解决方案的领先供应商。2005年，慕尼黑路德维希马克西米利安斯大学量子物理实验室的Henning Weier博士，Christian Kurtsiefer教授和Harald Weinfurter博士创办了这家公司。他们想为“量子物理学”提供“工具”，因此他们将公司命名为quTools。\r\n起初，quTools开发了量子纠缠演示设备，该设备包括一个时间数字转换器，用于关联两个APD信号，因此直到QuTAU投入使用，并以不到100ps的分辨率测量时间戳",
    "detail_url": "https://www.auniontech.com/logo-73.html"
  },
  {
    "name": "美国Optiphase公司",
    "logo": "company_72.jpg",
    "description": "Optiphase是一家位于美国提供动态干涉传感解决方案的领先供应商。Optiphase公司于2013年被Halliburton Energy Services 收购并以原品牌Optiphase继续运营。Optiphase可以为商业市场和工业应用提供半定制装配和组件，Optiphase公司提供的设备的所有核心组件都是内部设计和生产的。Optiphase提供的光纤拉伸器及光纤干涉仪等产品在非接触式传感，无电源安全感应，在线或实时传感及精密测量领域被广泛应用。",
    "detail_url": "https://www.auniontech.com/logo-72.html"
  },
  {
    "name": "澳大利亚liquid instruments公司",
    "logo": "company_74.jpg",
    "description": "Liquid Instruments 由澳大利亚国立大学(ANU)物理系教授 Daniel Shaddock 建立，研发团队由 ANU 激光干涉、精密测量、数据科学、软件设计和工程等科研人员组成，拥有 NASA JPL、引力 波探测等专业研究背景经历。\r\nLiquid Instruments 研发产品 Moku：Lab 是面向科研人员、工程师以及需要高精度测量实验人员 提供的专业多功能合一信号控制及测量设备。目前 Moku:Lab 已经集成成示波器、频谱分析仪、 波形发生器、相位表、数据记录器、锁相放大器",
    "detail_url": "https://www.auniontech.com/logo-74.html"
  },
  {
    "name": "德国Yuandatech公司",
    "logo": "company_77.jpg",
    "description": "​德国Yuandatech公司核心产品包括桌面式主动隔振平台和超声测量系统，Yuandatech的目标是在振动领域开发和销售高质量的产品。Yuandatech自主研发生产的主动隔振平台在具有市面上顶尖的隔振性能，同时把成本降到了最低，尤其是其中的Balance S-lite版本，具有主动隔振台的性能和被动隔震台的价格，使其非常有竞争力。",
    "detail_url": "https://www.auniontech.com/logo-77.html"
  },
  {
    "name": "奥地利Xarion公司",
    "logo": "company_78.jpg",
    "description": "奥地利Xarion Laser Acoustics GmbH(以下简称Xarion)成立于2012年，是由维也纳技术大学和楼氏电子合作创立的独立公司，于2013年推出新型无振膜光学麦克风，实了现前所未有的声音解析度。Xarion公司研制开发的Eta系列无振膜光学麦克风使无接触超声波测量具有前所未有的频率带宽，声波频率带宽从10Hz扩展到2MHz（液体中可达20MHz）；与传统麦克风相比，Eta系列无振膜光学麦克风没有任何活动部件，因此可得到一个真正的时间脉冲响应。\r\nXarion公司Eta系列无振膜光学麦",
    "detail_url": "https://www.auniontech.com/logo-78.html"
  },
  {
    "name": "美国Stable laser公司",
    "logo": "company_79.jpg",
    "description": "美国SLS (Stable Laser Systems) 公司是由John (Jan) Hall的学生Mark Notcutt成立的一家高科技公司，专门为激光系统提供光学级稳频系统的公司，产品线主要包括各种形状超高精细度与稳定度F-P谐振腔、超稳定超窄线宽激光器。\r\nStable Laser公司生产的超稳腔体包括形状圆柱形腔、切口形腔、球形和立方体腔、多支柱腔等，任何一个腔体的设计都有自己的特点，用户可根据应用选择最合适的腔体设计和材料。除此之外，SLS 公司还为其超稳F-P腔提供光学级别的固定，防震，温",
    "detail_url": "https://www.auniontech.com/logo-79.html"
  },
  {
    "name": "德国CryoSpectra公司",
    "logo": "company_80.jpg",
    "description": "德国CryoSpectra公司为科学研究，工业和其他应用领域的客户提供高端低温制冷机和定制低温系统，可用于各种各样的任务。我们特别熟悉和关注我们的国际客户的高要求，他们经营的领域广泛而多样的行业[真空技术，激光物理，光学，半导体工业，CVD涂层，实验室和医疗技术，氢和绿色能源]。",
    "detail_url": "https://www.auniontech.com/logo-80.html"
  },
  {
    "name": "德国Gigahertz Optik公司",
    "logo": "company_81.jpg",
    "description": "Gigahertz-Optik 是一家中型公司，专注于技术光学领域以及激光和光电子领域。自 1986 年以来，我们一直在研发生产仪器，这些仪器非常适合测量和评估光辐射以及光学材料的特性。通过全球销售和分销网络以及我们于 2001 年成立的美国子公司的支持，我们能够成功地开展我们的全球活动。创新技术和“德国制造”品质使我们能够开发出在各个领域具有不同应用领域的设备，其中包括医疗工程、照明工业、工艺技术、辐射防护、LED 测量技术和材料测试。我们 DAkkS 校准实验室的 ISO/IEC/EN 17025 认",
    "detail_url": "https://www.auniontech.com/logo-81.html"
  },
  {
    "name": "德国Asphericon公司",
    "logo": "company_82.jpg",
    "description": "坐落于德国耶拿的Asphericon公司将研究人员的开拓精神与实施以客户为导向的经济解决方案的实际能力相结合。Asphericon以最新的制造技术、不断发展的专有控制软件、世界一流的测量设备和高素质的员工确保非球面为全球 600 多家客户提供创新解决方案。 每周生产能力可达1500个光学元件。",
    "detail_url": "https://www.auniontech.com/logo-82.html"
  },
  {
    "name": "德国GOM公司",
    "logo": "company_83.jpg",
    "description": "GOM高慕光学测量公司隶属蔡司集团，专门从事工业三维坐标测量技术，三维计算机断层扫描和三维测试。在光学三维计量领域，GOM树立全球标杆。公司致力于协助全球客户提升产品质量，优化工艺流程，促进生产效率。",
    "detail_url": "https://www.auniontech.com/logo-83.html"
  },
  {
    "name": "德国SICK公司",
    "logo": "company_84.jpg",
    "description": "",
    "detail_url": "https://www.auniontech.com/logo-84.html"
  },
  {
    "name": "美国Double Helix公司",
    "logo": "company_85.jpg",
    "description": "美国Double Helix公司是一个由来自多个领域的顶尖人才组成的团队，他们聚集在一起，推进精密3D纳米成像的发现和研究。美国Double Helix公司拥有世界公认的超分辨率专家，一流的光学工程师，3D成像工程师，软件工程师，以及来自研究和商业世界的顾问。双螺旋光学在纳米尺度成像中发明了一个新概念:工程旋转点扩散函数(PSF)。美国Double Helix公司双螺旋光工程™通过用户可变相位掩模修改光路，以提供优化的3D图像。",
    "detail_url": "https://www.auniontech.com/logo-85.html"
  },
  {
    "name": "德国Lightsource.tech公司",
    "logo": "company_86.jpg",
    "description": "德国lightsource.tech公司成立于 2014 年。创建解决方案精确满足客户的需求。主要推出的激光泵浦白光光源及其他LED光源，通过产品和组件在模块化系统中相互交互，优化配置对技术要求很高的照明要求，并在必要时修改或扩展解决方案。公司团队在光源、单色仪和用于专业照明任务的合适光学组件研究领域有丰富的经验。只有这样，我们才能提供您和您的项目应得的能力。",
    "detail_url": "https://www.auniontech.com/logo-86.html"
  },
  {
    "name": "以色列Optoacoustics公司",
    "logo": "company_87.jpg",
    "description": "以色列Optoacoustics公司",
    "detail_url": "https://www.auniontech.com/logo-87.html"
  },
  {
    "name": "美国Semiconsoft公司",
    "logo": "company_88.jpg",
    "description": "成立于2001年的Semiconsoft公司坐落在麻省的Southborough，美国Semiconsoft公司起初主要提供薄膜分析软件以及为半导体R&D以及生产公司提供服务，2002年公司开始生产TFCompanion软件，并且在这个领域始终持续保持前进的势头，不断增加新的功能，美国Semiconsoft公司软件被公认为薄膜测量领域的领导者。TFCompanion 是唯一支持从各种薄膜测量系统导入测量数据的软件,成为薄膜测量软件的标准。",
    "detail_url": "https://www.auniontech.com/logo-88.html"
  },
  {
    "name": "德国Laser Components公司",
    "logo": "company_91.jpg",
    "description": "德国Laser Components公司成立于1982年，Laser Components公司公司坐落在德国奥尔兴，经过四十多年的发展，已成为一个令人印象深刻的国际经营的公司。德国Laser Components主营生产的APD，二极管，光纤等光电器件是整个光电行业的领导者。德国Laser Components除了提供标准产品，Laser components也有能力将机械、光学和电子领域的知识整合在一起，在短时间内完成复杂的任务。提供特定的OEM定制服务。",
    "detail_url": "https://www.auniontech.com/logo-91.html"
  },
  {
    "name": "法国PIEZOCONCEPT公司",
    "logo": "company_90.jpg",
    "description": "法国PIEZOCONCEPT 是压电纳米位移台领域的领先供应商，其应用领域包括但不限于超分辨率显微镜、光阱、纳米工业和原子力显微镜。法国PIEZOCONCEPT 压电纳米位移台产品已被国内外一流大学和研究所从事前沿研究的知名科学家使用，在工业和科研领域受到广泛好评。 \r\n\r\n多年来，纳米定位传感器领域电容式传感器一直占据市场主导地位。但这项技术存在明显的局限性。PIEZOCONCEPT经过多年研究，开发出硅基高灵敏度位置传感器（Silicon HR）技术，Si-HR传感器可以实现更高的稳定性和线性度，以满",
    "detail_url": "https://www.auniontech.com/logo-90.html"
  },
  {
    "name": "美国bwtek公司",
    "logo": "company_95.jpg",
    "description": "必达泰克光电科技（上海）有限公司是美国必达泰克公司的全资子公司。必达泰克公司(B&W TEK)是一家主营光电产品的高科技公司，集开发、研制、生产于一体。\r\n在光纤光谱仪、拉曼光谱系统和其它光谱系统、拉曼激光器、高功率半导体激光器(HPDL)、半导体泵浦固体激光器(DPSS)、高功率光纤激光器(DPFLs)、高功率宽带光源(SLD)等方面均处于世界领先水平。公司产品服务于终端用户和OEM生产，在工业、仪器、医疗激光和光通讯等领域具有广泛的应用。它的贴牌生产和研发包括了所有主要的光电应用，从设计到生产",
    "detail_url": "https://www.auniontech.com/logo-95.html"
  },
  {
    "name": "瑞士Optotune公司",
    "logo": "company_96.jpg",
    "description": "Optotune瑞士瓯特引领世界创新，持续为客户开发并塑造工业有源的光学组件。灵感源于人眼对焦，瑞士商瓯特光学股份有限公司 (Optotune Switzerland AG)成立于2008年，开始致力于我们的核心技术-可调焦液态镜头，同时衍伸出激光光斑消除器、光束控制器...等产品线。作为光学技术领域的领先企业，Optotune瑞士瓯特致力于为您提供一系列创新的光学组件，帮助您开发具有创新功能的产品。\r\n\r\n作为瑞士Optotune公司的主要代理商，昊量光电全面负责瑞士Optotune公司在中国的市场拓展",
    "detail_url": "https://www.auniontech.com/logo-96.html"
  },
  {
    "name": "德国Avenir Photonics公司",
    "logo": "company_97.jpg",
    "description": "作为德国Avenir Photonics公司在中国地区的主要代理商，昊量光电全面负责Avenir Photonics公司在中国的市场拓展与客户服务。昊量光电将一如既往地为中国地区的客户提供优质的产品与服务！",
    "detail_url": "https://www.auniontech.com/logo-97.html"
  },
  {
    "name": "意大利Active Technologies公司",
    "logo": "company_98.jpg",
    "description": "Active Technologies成立于2003年，意大利Active Technologies公司是意大利费拉拉大学的初创公司，并立即参与了欧盟的大型研究实验，主要是半导体测试和创新仪器设计。",
    "detail_url": "https://www.auniontech.com/logo-98.html"
  },
  {
    "name": "美国Terasense公司",
    "logo": "company_100.jpg",
    "description": "image.png\r\nTerasense Group Inc.是创新型便携式太赫兹（THz）成像系统、太赫兹成像相机、太赫兹光源和太赫兹探测器的领先制造商。我们的产品平衡在科技突破的前沿，具有多项竞争优势。Terasense是一家专注于研究的公司，致力于持续改进的理念。我们采用受专利保护的原创技术制造用于成像传感器阵列（相机）的新型半导体探测器，可有效覆盖亚太赫兹和太赫兹范围的电磁频谱（50 GHz—700 GHz）。",
    "detail_url": "https://www.auniontech.com/logo-100.html"
  },
  {
    "name": "意大利Elements公司",
    "logo": "company_99.jpg",
    "description": "PINGPAI.png\r\n\r\nElements是一家意大利公司，Elements公司主要生产用于生物医学研究和纳米颗粒分析的高灵敏度电子仪器。Elements的微芯片可以生产价格合理且易于使用的小型化设备，使纳米技术能够用于新一代便携式医疗诊断设备（即时检测）和食品安全控制。从这个意义上说，Elements声称“使能生命科学技术”。",
    "detail_url": "https://www.auniontech.com/logo-99.html"
  },
  {
    "name": "英国G&H |ITL公司",
    "logo": "company_101.jpg",
    "description": "四十多年来，G&H |ITL一直是行业领先的外包合作伙伴，为挽救生命的医疗技术、诊断设备和实验室仪器提供真正的端到端设计、开发和制造。\r\n\r\n1977年，威廉·约翰·佩林（William John Perrin）创立了Wilj International Limited;一家位于肯特郡的小型公司，专门设计和制造用于放射免疫测定的伽马计数器。随着自有品牌产品的成功，Wilj将其业务多元化，以巩固其作为医疗、诊断和科学行业首屈一指的合同医疗设计和制造商的地位。\r\n\r\n2018年8月，ITL被Gooch",
    "detail_url": "https://www.auniontech.com/logo-101.html"
  },
  {
    "name": "美国GS Plastic Optics公司",
    "logo": "company_102.jpg",
    "description": "GS Plastic Optics 是 Germanow-Simon Corporation 的一部分，该公司于 1916 年在纽约州罗切斯特成立。该公司从一家小型机械车间起步，迅速发展成为塑料表镜替换表镜的主要供应商。在 1930 年代，G-S Corp 收购了 Tel-Tru 制造公司，并将该部门发展成为双金属温度计的领先供应商。\r\nGS Plastic Optics 成立于 1970 年代后期。凭借多年来在塑料注射成型和塑料加工方面积累的内部专业知识，GS Plastic Optics 很快成为模制",
    "detail_url": "https://www.auniontech.com/logo-102.html"
  },
  {
    "name": "意大利FLIMLABS公司",
    "logo": "company_103.jpg",
    "description": "FLIMLABS公司是一家位于意大利的创新企业，专注于开发和生产用于荧光寿命分析的便携式设备和AI驱动的软件。该公司致力于将荧光寿命分析技术民主化，通过推广基于FPGA的仪器和设备，为研究和工业领域提供新的机会，从而扩大其潜力和应用范围。",
    "detail_url": "https://www.auniontech.com/logo-103.html"
  },
  {
    "name": "芬兰Modulight公司",
    "logo": "company_104.jpg",
    "description": "Modulight设计和制造激光和光学器件，以实现个性化医疗和更好的生活。我们为肿瘤学、遗传学和眼科提供生物医学激光器，支持系统集成服务、激光设计与制造等激光解决方案\r\n产品包括从紫外到2000+ nm的各种类型的激光器，输出功率水平从毫瓦到数百瓦不等。\r\n在Modulight，我们用光创造奇迹。我们服务于生命科学领域和未来的其他几个行业，不仅要杀死癌症和改善整体健康，还要促进交通和通信等领域的人们的福祉。",
    "detail_url": "https://www.auniontech.com/logo-104.html"
  },
  {
    "name": "英国Isdicmos公司",
    "logo": "company_106.jpg",
    "description": "ISDI 在X射线和其他专业市场制造X射线探测器和CMOS图像传感器。并且世界一流的晶圆代工厂、晶圆加工和封装供应商合作来制造更加先进稳定的器件。\r\n\r\nISDI 推出的多功能、功能丰富的晶圆级图像传感器系列，采用ISDI获得专利的抗辐射低噪声像素架构，开发了一系列抗辐射CMOS图像传感器，提供两种增益模式，并支持ROI和无损读出。\r\n\r\nISDI为定制图像传感器的设计和生产提供了完整的服务。 专注于中小型产品及主流半导体传感器供应商无法提供经济上可行的解决方案。",
    "detail_url": "https://www.auniontech.com/logo-106.html"
  },
  {
    "name": "荷兰Lambert公司",
    "logo": "company_107.jpg",
    "description": "Lambert Instruments总部位于荷兰格罗宁根，致力于开发和制造适用于各种应用的先进成像解决方案。擅长于为记录在具有挑战性的照明条件下发生的快速事件提供解决方案。\r\n\r\n开发和组装的所有产品，与相应软件一起，很容易集成到客户系统中。根据客户要求，Lambert可提供定制的解决方案。\r\n\r\nLambert Instruments提供的成像解决方案可应用于研究和工业的许多不同领域。例如，对燃料喷射发动机的燃烧循环进行成像，研究癌症细胞的行为，以及其他满足低光照水平和高帧率应用要求。\r\n\r\nLamb",
    "detail_url": "https://www.auniontech.com/logo-107.html"
  },
  {
    "name": "瑞士Piimaging公司",
    "logo": "company_108.jpg",
    "description": "上海昊量光电作为Piimaging在中国的独家代理，上海昊量光电负责Piimaging全线产品在中国市场的销售与服务。我们的合作关系建立在共同的市场扩展目标和客户服务承诺上。上海昊量光电凭借在本地市场的深厚经验和广泛的客户网络，有效地推广了Piimaging的高端成像技术，同时为中国用户提供专业的技术支持和客户服务，确保用户能够充分利用Piimaging的高性能成像解决方案。",
    "detail_url": "https://www.auniontech.com/logo-108.html"
  },
  {
    "name": "西班牙Fyla公司",
    "logo": "company_109.jpg",
    "description": "FYLA公司成立于2008年，是西班牙的瓦伦西亚大学的附属公司，在最初的几年里，它成为一家拥有卓越知识资产的公司。并致力于向激光组件和服务市场发展。后面公司专注于制造超快激光器及其系统。",
    "detail_url": "https://www.auniontech.com/logo-109.html"
  },
  {
    "name": "加拿大MPB公司",
    "logo": "company_110.jpg",
    "description": "MPB Communications Inc. 是一家全球领先的公司，专注于提供创新的光纤激光器和光纤放大器子系统，服务于高科技行业。该公司成立于1976年，总部位于加拿大魁北克省的Pointe-Claire。MPBC 在电信、生物医学和工业应用领域中发挥了重要作用，并以其高性能和可靠性著称。",
    "detail_url": "https://www.auniontech.com/logo-110.html"
  },
  {
    "name": "德国Artifex Engineering公司",
    "logo": "company_112.jpg",
    "description": "​Artifex Engineering公司致力于设计和制造工业和科研领域计量应用的系统及子系统，作为OEM供应商，提供多种OEM解决方案。Artifex Engineering通过了ISO 9001质量体系认证，其可根据客户的不同需求，提供高品质、创新型服务。Artifex Engineering主要生产光功率计，积分球，LIV激光二极管测试系统，激光二极管驱动及光学配件等！",
    "detail_url": "https://www.auniontech.com/logo-112.html"
  },
  {
    "name": "美国Broadcom公司",
    "logo": "company_113.jpg",
    "description": "Broadcom是一家设计、开发和提供广泛的半导体、企业软件和安全解决方案的全球技术领导者。Broadcom提供广泛的光学传感器解决方案，包括环境光、RGB颜色、接近和手势传感器，适用于广泛的应用。",
    "detail_url": "https://www.auniontech.com/logo-113.html"
  },
  {
    "name": "中电科思仪科技股份有限公司",
    "logo": "company_114.jpg",
    "description": "中电科思仪科技股份有限公司（简称“思仪科技”）是中国电科集团第一家二级单位股份制公司，本部位于山东青岛，主要从事微波/毫米波、光电、通信、基础通用类测量仪器以及自动测试系统、微波毫米波部件等产品的研制、开发和批量生产，并为电子元器件、组件、整机和系统的研制、生产提供检测与应用，具有较强的研发、生产、测试和试验验证能力，达到国内领先、国际先进水平。",
    "detail_url": "https://www.auniontech.com/logo-114.html"
  },
  {
    "name": "德国TEM Messtechnik GmbH公司",
    "logo": "company_25.jpg",
    "description": "德国TEM Messtechnik GmbH公司是提供尖端科学成果和理念进行实际应用转化解决方案的一流研发企业。其为物理，化学和医学的科研和工业应用提供特色解决方案：测量和控制系统，数据记录和处理，半导体激光系统，光电集成，激光稳定，高精度机械。多年来，德国TEM Messtechnik GmbH公司致力于基础理论研究和科研创新的TEM团队取得的尖端成果和解决方案被多个国家引用。德国TEM Messtechnik GmbH公司在电子元件，模拟和数字方案，OEM板块，模块化系统或独立装置等方面不断取得新进展",
    "detail_url": "https://www.auniontech.com/logo-25.html"
  },
  {
    "name": "美国New Scale Technologies公司",
    "logo": "company_31.jpg",
    "description": "New Scale Technologies是一家专业研发和制造微型精密运动系统的生产商。在压电电机和运动系统开发方面拥有许多专利，开发和制造了最小的和最精密的闭环运动系统。New Scale提供的运动模块驱动器内置，无需外接控制器，在尽可能小的空间内提供亚微米精度的运动。",
    "detail_url": "https://www.auniontech.com/logo-31.html"
  },
  {
    "name": "英国Covesion公司",
    "logo": "company_27.jpg",
    "description": "Covesion公司是一家英国的周期极化铌酸锂晶体（PPLN）材料生产商，包括掺镁周期极化铌酸锂（MgO:PPLN或PPMgO:LN）和未掺杂PPLN。Covesion的光学工程师设计了一系列PPLN晶体夹、炉子、温度控制器和装配附件，提供能够容易地结合到客户的光学装置中的全套PPLN系统。",
    "detail_url": "https://www.auniontech.com/logo-27.html"
  },
  {
    "name": "法国Silios公司",
    "logo": "company_51.jpg",
    "description": "法国SILIOS Technologies公司专业设计生产各种高端定制化衍射光学元件（Diffractive Optical Elements，DOE），产品包括各种激光匀化器，激光分束器，各种定制型相位板，定制型滤光片阵列。该DOE可用于从193nm到10,6µm的激光光斑整形。定制的DOE可以适用于不同种类的激光器，比如： 准分子激光(Excimer lasers)、Nd:Yag级光、Nd:Glass激光、 Er:Yag激光、CO2激光、Ti:Sa激光、光纤激光等。",
    "detail_url": "https://www.auniontech.com/logo-51.html"
  },
  {
    "name": "美国CTI公司",
    "logo": "company_37.jpg",
    "description": "美国Crystal Technology Inc（CTI）公司是一家专业的光学晶体与声光器件的制造商。CTI关注产品质量与成本控制，为来自全球的合作伙伴提供高性价比的产品与优质的服务。美国CTI公司同时还生产各种铌酸锂晶片（LiNbO3 wafer），MgO铌酸锂晶片（MgO:LN），掺镁铌酸锂晶体，周期性极化铌酸锂（PPLN）等。昊量光电作为Crystal Technology Inc（CTI）在中国区域的独家代理商，全权负责其在中国的销售、售后与技术支持工作。",
    "detail_url": "https://www.auniontech.com/logo-37.html"
  },
  {
    "name": "法国Alpao公司",
    "logo": "company_43.jpg",
    "description": "作为一个为科研以及工业服务的自适应光学制造商，法国ALPAO公司提供完整的自适应光学产品：具有较大调制量的高速可变形镜，高灵敏度波前分析仪，完整的自适应光学闭环系统。所有的这些产品都已经 被广泛应用于各种领域，包括：天文学、眼科、显微镜、无线光通信和激光领域。",
    "detail_url": "https://www.auniontech.com/logo-43.html"
  },
  {
    "name": "日本吉奥马（GEOMATEC）公司",
    "logo": "company_24.jpg",
    "description": "日本吉奥马（GEOMATEC）公司是全球知名的光学器件制造商。该公司致力于提供平板显示屏、光学薄膜、激光元器件等产品与服务。日本吉奥马公司开发的YAG激光场镜是一款紧凑型的高性能场镜。 该产品追求在扫描区域内的像差达到衍射极限，提供适用于从微加工到大面积加工条件的光学镜头，是激光精细打标、微加工、激光焊接、激光切割等应用的理想选择！昊量光电作为GEOMATEC公司在中国区域的独家代理商，全权负责其在中国的销售、售后与技术支持工作。",
    "detail_url": "https://www.auniontech.com/logo-24.html"
  },
  {
    "name": "意大利Bright Solutions公司",
    "logo": "company_41.jpg",
    "description": "Bright Solutions 成立于1998年，成员团队来自于在二极管泵浦固体激光器领域有丰富经验的科学家和专家。其开发的DPSS激光器具有高效，可靠，结构紧凑的特点，被广泛应用于工业，科研和航空等领域。在美洲，欧洲和亚洲有众多客户将bright solution公司的DPSS激光器应用于他们的系统中。",
    "detail_url": "https://www.auniontech.com/logo-41.html"
  },
  {
    "name": "英国ForthDD公司",
    "logo": "company_38.jpg",
    "description": "英国ForthDD公司作为全球高分辨率近眼(NTE: Near-To-Eye)显示领域的领导品牌。我们为各种NTE应用提供性能最优的LCOS微显示器技术方案。ForthDD公司拥有11年的FLCOS的生产经验，其研发的时域成像技术是世界上最先进的成像技术。除过近眼显示领域外，近些年ForthDD公司的微显示器已经在3D测量、超分辨显微镜等新兴领域有了广泛的应用！昊量光电作为ForthDD公司在中国区域的独家代理商，全权负责其在中国的销售、售后与技术支持工作。",
    "detail_url": "https://www.auniontech.com/logo-38.html"
  },
  {
    "name": "美国OptiGrate公司",
    "logo": "company_23.jpg",
    "description": "OptiGrate公司致力于在无机光敏硅酸盐玻璃中设计和制造全系列体布拉格光栅（透射布拉格光栅-TBG、反射布拉格光栅-RBG、啁啾布拉格光栅- CBG）。凭借由公司创始人开创并经中佛罗里达大学（UCF）许可的卓越技术， OptiGrate能够提供效率超过99.9%，受专利保护的体布拉格光栅。OptiGrate还在其它多个光栅参数方面创下了多项记录。",
    "detail_url": "https://www.auniontech.com/logo-23.html"
  },
  {
    "name": "法国Phasics公司",
    "logo": "company_45.jpg",
    "description": "Phasics是一家专注于高分辨率波前传感技术的法国公司.Phasics公司凭借其在测量方面的专业经验与独特的波前测量技术为客户提供全面的高性能波前传感器。",
    "detail_url": "https://www.auniontech.com/logo-45.html"
  },
  {
    "name": "法国Resolution Spectra公司",
    "logo": "company_48.jpg",
    "description": "法国Resolution Spectra System公司致力于生产新一代的高精度光纤光谱仪，其基于Stationary-wave integrated Fourier transform spectrometry (SWIFTS)技术研发出的ZOOM Spectra 光纤光谱仪是一款世界首创的可以同时实现高速测量和高分辨率测量的紧凑型光纤光谱仪，分辨率最高可达到~5pm（0.005nnm），探测速率30kHz（实时测量）。广泛用于监视连续、脉冲激光，以及观察传统光谱仪不能解决的识别模式或物理现象。昊量光",
    "detail_url": "https://www.auniontech.com/logo-48.html"
  },
  {
    "name": "美国BNS公司",
    "logo": "company_42.jpg",
    "description": "美国BNS公司(Boulder Nonlinear Systems, Inc.)生产销售适用于各种光电应用的液晶空间光调制器(liquid crystal spatial light modulator)，能够根据指定的像素图案对光在空间的分布进行调制,在需要pixel-by-pixel光束控制以优化产品性能的应用领域正扮演着越来越重要的角色。BNS公司能够提供基于LCoS（liquid crystal on silicon）技术的各种反射式空间光调制器，包括纯相位调制，纯振幅调制，及振幅相位混合调制。其",
    "detail_url": "https://www.auniontech.com/logo-42.html"
  },
  {
    "name": "法国Photline公司",
    "logo": "company_44.jpg",
    "description": "成立于2000年的法国Photline Technologies公司起源于法国Besancon大学光学实验室。该实验室是法国首屈一指的集成光学和光电研究中心。Photoline公司继承了研究人员在Besancon大学超过15年的研究成果与独特技术，在铌酸锂(LiNbO3)电光调制器（LiNbO3modulators）技术方面拥有多项国际专利。2008年6月，Photline成果收购AdLightec公司，此次并购进一步扩大了公司的技术平台，增加了高速电路与微波方面的专业知识，并与传统的集成光学进行了融合。",
    "detail_url": "https://www.auniontech.com/logo-44.html"
  },
  {
    "name": "昊量光电",
    "logo": "company_76.jpg",
    "description": "",
    "detail_url": "https://www.auniontech.com/logo-76.html"
  }
]