[
  {
    "logo": "5dad708c3c95d.png",
    "name": "美国Meadowlark optics公司"
  },
  {
    "logo": "586b69b67a120.jpg",
    "name": "德国Cinogy公司"
  },
  {
    "logo": "5d6dbf122521f.png",
    "name": "英国Gooch＆Housego公司"
  },
  {
    "logo": "5fbdabb570f07.png",
    "name": "芬兰SPECIM公司"
  },
  {
    "logo": "6674bf94b4e6b.png",
    "name": "美国Wasatch Photonics公司"
  },
  {
    "logo": "5d5e03e54deb8.jpg",
    "name": "美国Chroma公司"
  },
  {
    "logo": "5dad7fc7729cd.jpg",
    "name": "荷兰Admesy公司"
  },
  {
    "logo": "598165e8b34a7.jpg",
    "name": "德国ViALUX公司"
  },
  {
    "logo": "586b5a1c8d24d.jpg",
    "name": "美国Hinds Instruments公司"
  },
  {
    "logo": "598164f781b32.jpg",
    "name": "德国CeramOptec公司"
  },
  {
    "logo": "620f58ed897a9.jpg",
    "name": "法国iXblue公司"
  },
  {
    "logo": "584a671a338d1.png",
    "name": "德国INSION 公司"
  },
  {
    "logo": "598167a2d59f8.jpg",
    "name": "韩国Nanobase公司"
  },
  {
    "logo": "598167c6501bd.jpg",
    "name": "俄罗斯Scontel公司"
  },
  {
    "logo": "586b6c526ea05.jpg",
    "name": "美国ConOptics公司"
  },
  {
    "logo": "586b701c31975.jpg",
    "name": "法国Oxxius公司"
  },
  {
    "logo": "598161b4cdfe6.jpg",
    "name": "加拿大Photon etc公司"
  },
  {
    "logo": "586b7193ec82e.jpg",
    "name": "法国Cristal Laser公司"
  },
  {
    "logo": "586b72b9aba95.jpg",
    "name": "法国SPARK LASERS公司"
  },
  {
    "logo": "598162152625a.jpg",
    "name": "法国PHOTONICS BRETAGNE公司"
  },
  {
    "logo": "586b5f9239387.jpg",
    "name": "美国Vixar公司"
  },
  {
    "logo": "633684f176195.png",
    "name": "德国Sciospec公司"
  },
  {
    "logo": "6369f0500df1d.png",
    "name": "德国XIMEA公司"
  },
  {
    "logo": "63b6222146f57.png",
    "name": "美国ALIO公司"
  },
  {
    "logo": "59afbf2edd40a.jpg",
    "name": "匈牙利CE Optics公司"
  },
  {
    "logo": "59c0a07e5b8d8.png",
    "name": "瑞士Zurich Instruments公司"
  },
  {
    "logo": "5f60189c804ee.png",
    "name": "俄罗斯Avesta公司"
  },
  {
    "logo": "5f60199fdb19e.png",
    "name": "美国Calamr公司"
  },
  {
    "logo": "5a27c4ab1ff4c.png",
    "name": "日本NEOARK公司"
  },
  {
    "logo": "5acc7811ba7dd.png",
    "name": "法国GLOphotonics公司"
  },
  {
    "logo": "5b23357501709.png",
    "name": "美国Minus k公司"
  },
  {
    "logo": "5c91a6d8e2a34.png",
    "name": "加拿大INO公司"
  },
  {
    "logo": "5cbfe605b1299.jpg",
    "name": "日本Meiritz公司"
  },
  {
    "logo": "5ce282a9380ea.jpg",
    "name": "德国Greateye公司"
  },
  {
    "logo": "5d9edf4805494.jpg",
    "name": "瑞士Arcoptix公司"
  },
  {
    "logo": "5f333ea1ebf1f.png",
    "name": "法国AUREA Technology公司"
  },
  {
    "logo": "5de9c94a689c9.png",
    "name": "挪威Zivid公司"
  },
  {
    "logo": "5e71c947b9023.jpg",
    "name": "澳大利亚MOGLabs公司"
  },
  {
    "logo": "5e9d1aab4cdf2.png",
    "name": "芬兰Spectral Engines公司"
  },
  {
    "logo": "5ea8f37e3a670.jpg",
    "name": "德国PROTECT公司"
  },
  {
    "logo": "5eb36b4c02a64.jpg",
    "name": "立陶宛OptoGama公司"
  },
  {
    "logo": "604ac85d320f3.png",
    "name": "德国quTools公司"
  },
  {
    "logo": "603347d51cf83.png",
    "name": "美国Optiphase公司"
  },
  {
    "logo": "669e26eac61ae.png",
    "name": "澳大利亚liquid instruments公司"
  },
  {
    "logo": "60863e60184bb.png",
    "name": "德国Yuandatech公司"
  },
  {
    "logo": "60876ea9af638.jpg",
    "name": "奥地利Xarion公司"
  },
  {
    "logo": "60876f0fa9ded.jpg",
    "name": "美国Stable laser公司"
  },
  {
    "logo": "60bf2867ca33c.jpg",
    "name": "德国CryoSpectra公司"
  },
  {
    "logo": "610a5a55a466f.png",
    "name": "德国Gigahertz Optik公司"
  },
  {
    "logo": "611dccfff1369.png",
    "name": "德国Asphericon公司"
  },
  {
    "logo": "613062852fadc.png",
    "name": "德国GOM公司"
  },
  {
    "logo": "6160ebcd3323d.png",
    "name": "德国SICK公司"
  },
  {
    "logo": "619e3d0d4afcf.png",
    "name": "美国Double Helix公司"
  },
  {
    "logo": "61a4925b8d0c3.png",
    "name": "德国Lightsource.tech公司"
  },
  {
    "logo": "61cadbc69ba7f.jpg",
    "name": "以色列Optoacoustics公司"
  },
  {
    "logo": "61d7a5bd4b990.jpg",
    "name": "美国Semiconsoft公司"
  },
  {
    "logo": "6308a27292527.png",
    "name": "德国Laser Components公司"
  },
  {
    "logo": "6214ab9133f5e.png",
    "name": "法国PIEZOCONCEPT公司"
  },
  {
    "logo": "6466dea1439bb.png",
    "name": "美国bwtek公司"
  },
  {
    "logo": "64dec31dcb9bf.jpg",
    "name": "瑞士Optotune公司"
  },
  {
    "logo": "6507a729ef1ca.png",
    "name": "德国Avenir Photonics公司"
  },
  {
    "logo": "652e03155145e.png",
    "name": "意大利Active Technologies公司"
  },
  {
    "logo": "65a4d39b3caf5.jpg",
    "name": "美国Terasense公司"
  },
  {
    "logo": "652e03f4efe81.png",
    "name": "意大利Elements公司"
  },
  {
    "logo": "65adfbd862a2e.png",
    "name": "英国G&amp;H |ITL公司"
  },
  {
    "logo": "65adfcd2e6841.png",
    "name": "美国GS Plastic Optics公司"
  },
  {
    "logo": "65f90b679e666.png",
    "name": "意大利FLIMLABS公司"
  },
  {
    "logo": "6616275dc3f1d.png",
    "name": "芬兰Modulight公司"
  },
  {
    "logo": "661629c10cd6c.png",
    "name": "英国Isdicmos公司"
  },
  {
    "logo": "661c7579e77f0.png",
    "name": "荷兰Lambert公司"
  },
  {
    "logo": "6659653c071aa.png",
    "name": "瑞士Piimaging公司"
  },
  {
    "logo": "66680c7f6e6e5.png",
    "name": "西班牙Fyla公司"
  },
  {
    "logo": "666c045a0a5ba.png",
    "name": "加拿大MPB公司"
  },
  {
    "logo": "66a052a66a866.png",
    "name": "德国Artifex Engineering公司"
  },
  {
    "logo": "66d6b4a8859a1.jpg",
    "name": "美国Broadcom公司"
  },
  {
    "logo": "6705dbd737c4f.jpg",
    "name": "中电科思仪科技股份有限公司"
  },
  {
    "logo": "5885b46da7d8c.jpg",
    "name": "德国TEM Messtechnik GmbH公司"
  },
  {
    "logo": "5a65522b648e7.jpg",
    "name": "美国New Scale Technologies公司"
  },
  {
    "logo": "613870c668718.jpg",
    "name": "英国Covesion公司"
  },
  {
    "logo": "59f7f0bff0d85.jpg",
    "name": "法国Silios公司"
  },
  {
    "logo": "5981656baf79e.gif",
    "name": "美国CTI公司"
  },
  {
    "logo": "598166b4632ea.jpg",
    "name": "法国Alpao公司"
  },
  {
    "logo": "5885b4401312d.jpg",
    "name": "日本吉奥马（GEOMATEC）公司"
  },
  {
    "logo": "59816661e4e1c.jpg",
    "name": "意大利Bright Solutions公司"
  },
  {
    "logo": "598165b431975.png",
    "name": "英国ForthDD公司"
  },
  {
    "logo": "5885b3d9aba95.jpg",
    "name": "美国OptiGrate公司"
  },
  {
    "logo": "598167822dc6c.png",
    "name": "法国Phasics公司"
  },
  {
    "logo": "598167f381b32.jpg",
    "name": "法国Resolution Spectra公司"
  },
  {
    "logo": "598166846acfc.jpg",
    "name": "美国BNS公司"
  },
  {
    "logo": "598166df6ea05.jpg",
    "name": "法国Photline公司"
  },
  {
    "logo": "62749c0b1323f.jpg",
    "name": "昊量光电"
  }
]