{
  "title": "Nd:YAG激光线反射镜",
  "brief_desc": "Nd:YAG激光线反射镜",
  "main_image_url": "https://www.lbtek.com/uploads/images/others/20240229/b8dfaa60646f32ab677baf645426b61f.jpg",
  "image_urls": [
    "https://www.lbtek.com/uploads/images/others/20240223/66b06f61f79a78fa277d6004dcb3d6d1.jpg"
  ],
  "common_image_urls": [
    { "url": "https://www.lbtek.com/uploads/images/others/20240229/68f53176ab4b5938df294e62632f0d03.jpg", "caption": "" },
    { "url": "https://www.lbtek.com/uploads/images/others/20240229/992b2cc1f536624bce6c476f453c8baa.jpg", "caption": "LBTEK 激光线反射镜安装在反射镜架中" }
  ],
  "assembly": {
    "content": "<div class=\"lb-product-tabs__content_item lb-product-tabs__content_item--rich\" style=\"width: 1200px\">\n<p><img alt=\"\" height=\"459\" src=\"https://images.lbtek.com/FsfzvLUO_2FyX_Cw7FyIV_YVkgtb?attname=Reflectance Curve of 266 nm Nd_YAG Laser Line Mirror.jpg\" width=\"600\"/><img alt=\"\" height=\"459\" src=\"https://images.lbtek.com/Fu0A32k4e6YysSi6yJEBorLM-Le_?attname=Reflectance Curve of 355 nm Nd_YAG Laser Line Mirror.jpg\" width=\"600\"/></p>\n<p><a href=\"https://images.lbtek.com/FjZFpfm5-WiFq75x5tnFJleFsG5T?attname=Reflectance%20Curve%20of%20266%20nm%20Nd_YAG%20Laser%20Line%20Mirror.xlsx\" title=\"Reflectance Curve of 266 nm Nd_YAG Laser Line Mirror\"><img src=\"https://images.lbtek.com/download.jpg\"/></a><a href=\"https://images.lbtek.com/FucgPMajNf5knJ_wuCa4mHmylI3N?attname=Reflectance%20Curve%20of%20355%20nm%20Nd_YAG%20Laser%20Line%20Mirror.xlsx\" title=\"Reflectance Curve of 355 nm Nd_YAG Laser Line Mirror\"><img src=\"https://images.lbtek.com/download.jpg\"/></a></p>\n<p><img alt=\"\" height=\"459\" src=\"https://images.lbtek.com/FmCSxWAlHfDRsBodPI4T_hHIgc1o?attname=Reflectance Curve of 532 nm Nd_YAG Laser Line Mirror.jpg\" width=\"600\"/><img alt=\"\" height=\"459\" src=\"https://images.lbtek.com/Fu3IUY87fTo0HfcJ4akfwOuxZ25u?attname=Reflectance Curve of 1064 nm Nd_YAG Laser Line Mirror.jpg\" width=\"600\"/></p>\n<p><a href=\"https://images.lbtek.com/Fpqd_FnAr--MAC1pAe73DCrhJt_g?attname=Reflectance%20Curve%20of%20532%20nm%20Nd_YAG%20Laser%20Line%20Mirror.xlsx\" title=\"Reflectance Curve of 532 nm Nd_YAG Laser Line Mirror\"><img src=\"https://images.lbtek.com/download.jpg\"/></a><a href=\"https://images.lbtek.com/Fr-oiRImxPF8Td7iXsVrj4H1ys39?attname=Reflectance%20Curve%20of%201064%20nm%20Nd_YAG%20Laser%20Line%20Mirror.xlsx\" title=\"Reflectance Curve of 1064 nm Nd_YAG Laser Line Mirror\"><img src=\"https://images.lbtek.com/download.jpg\"/></a></p> </div>",
    "images": [],
    "steps": []
  },
  "sid": "SID_1",
  "tid": "TID_1",
  "stock": 10000,
  "status": 1,
  "brand_name": "hermi_tech",
  "tech_articles": {
    "title": "",
    "content": "<div class=\"lb-product-tabs__content_item lb-product-tabs__content_item--rich\" style=\"width: 1200px\">\n<p><img alt=\"\" height=\"597\" src=\"https://images.lbtek.com/Fo0AeRQRERRgQ7WDe5vqOpXSmMsg?attname=组装.jpg\" width=\"1200\"/></p>\n<table border=\"1\" style=\"border-collapse: collapse; width: 100%; height: 48px;\">\n<tbody>\n<tr style=\"height: 16px;\">\n<td rowspan=\"3\" style=\"width: 27.519%; height: 48px;\"><strong>LBTEK</strong> O型反射镜组装图</td>\n<td style=\"width: 35.0488%; text-align: left; height: 16px;\">① Ø12.7 mmO形反射镜架 <a href=\"https://www.lbtek.com/product/AMM-05B\" rel=\"noopener\" target=\"_blank\">AMM-05B</a>×1</td>\n<td style=\"width: 37.4323%; text-align: left; height: 16px;\">② Ø12.7 mmO形反射镜 <a href=\"https://www.lbtek.com/product/LPM05-532-HP\" rel=\"noopener\" target=\"_blank\">NPM05-532-HP</a>×1</td>\n</tr>\n<tr style=\"height: 16px;\">\n<td style=\"width: 35.0488%; text-align: left; height: 16px;\">① Ø25.4 mmO形反射镜架 <a href=\"https://www.lbtek.com/product/AMM-1B\" rel=\"noopener\" target=\"_blank\">AMM-1B</a>×1</td>\n<td style=\"width: 37.4323%; text-align: left; height: 16px;\">② Ø25.4 mmO形反射镜 <a href=\"https://www.lbtek.com/product/LPM10-532-HP\" rel=\"noopener\" target=\"_blank\">NPM10-532-HP</a>×1</td>\n</tr>\n<tr style=\"height: 16px;\">\n<td style=\"width: 35.0488%; text-align: left; height: 16px;\">① Ø50.8 mmO形反射镜架 <a href=\"https://www.lbtek.com/product/AMM-2B\" rel=\"noopener\" target=\"_blank\">AMM-2B</a>×1</td>\n<td style=\"width: 37.4323%; text-align: left; height: 16px;\">② Ø50.8 mmO形反射镜 <a href=\"https://www.lbtek.com/product/LPM20-532-HP\" rel=\"noopener\" target=\"_blank\">NPM20-532-HP</a>×1</td>\n</tr>\n</tbody>\n</table>\n<p> </p> </div>"
  },
  "application_articles": {
    "title": "Nd:YAG激光线反射镜",
    "content": "<div class=\"lb-product-tabs__content_item lb-product-tabs__content_item--rich\" style=\"width: 1200px\">\n<p style=\"text-align: center;\"><span style=\"font-family: 'microsoft yahei';\"><strong>Nd:YAG激光线</strong><strong>反射镜</strong></span></p>\n<p style=\"line-height: 2;\"><span style=\"font-size: 10pt; font-family: 'microsoft yahei';\"><strong>一、定义</strong></span></p>\n<p style=\"line-height: 2;\"><span style=\"font-size: 10pt; font-family: 'microsoft yahei';\">将一系列介电常数有区别的介质周期性叠加在光学基材上，由于不同介电常数的叠加形成禁带，在禁带范围内的光不能传播。而且介质材料为非导体，光在传播过程中不会产生焦耳热，因此，介质膜对光无吸收，在禁带范围内光波只能反射，形成具有高反射率的介质膜反射镜。Nd:YAG激光线反射镜设计用于Nd:YAG激光器的基频、二倍频、三倍频和四倍频，其介质膜对S和P偏振光提供高反射率，并且具有高损伤阈值。</span></p>\n<p style=\"line-height: 2; text-align: center;\"><span style=\"font-size: 10pt; font-family: 'microsoft yahei';\"><img src=\"https://images.lbtek.com/FjFPiz73D1Yy4OnQXvZQEGBs8I9L\"/></span></p>\n<p style=\"line-height: 2; text-align: center;\"><span style=\"font-size: 10pt; font-family: 'microsoft yahei';\">图1 介质膜反射镜光路示意图。</span></p>\n<p style=\"line-height: 2;\"><span style=\"font-size: 10pt; font-family: 'microsoft yahei';\"><strong>二、特点</strong></span></p>\n<ol style=\"line-height: 2;\">\n<li><span style=\"font-size: 10pt; font-family: 'microsoft yahei';\">高反射率，反射率＞99%；</span></li>\n<li><span style=\"font-size: 10pt; font-family: 'microsoft yahei';\">材料不吸收；</span></li>\n<li><span style=\"font-size: 10pt; font-family: 'microsoft yahei';\">高损伤阈值。</span></li>\n</ol>\n<p style=\"line-height: 2;\"><span style=\"font-size: 10pt; font-family: 'microsoft yahei';\"><strong>三、Nd:YAG激光线反射镜 VS 宽带介质膜反射镜 VS 金属膜反射镜</strong></span></p>\n<table style=\"border-collapse: collapse; width: 73.8792%; height: 462px; margin-left: auto; margin-right: auto;\">\n<tbody>\n<tr>\n<td style=\"width: 20.8923%;\" width=\"88\">\n<p> </p>\n</td>\n<td style=\"width: 26.185%;\" width=\"168\">\n<p style=\"text-align: center;\"><span style=\"font-size: 10pt; font-family: 'microsoft yahei';\"><strong>Nd:YAG激光线反射镜</strong></span></p>\n</td>\n<td style=\"width: 27.3683%;\">\n<p style=\"text-align: center;\"><span style=\"font-size: 10pt; font-family: 'microsoft yahei';\"><strong>宽带介质膜反射镜</strong></span></p>\n</td>\n<td style=\"width: 25.5588%;\" width=\"154\">\n<p style=\"text-align: center;\"><span style=\"font-family: microsoft yahei;\"><span style=\"font-size: 13.3333px;\"><strong>金属膜反射镜</strong></span></span></p>\n</td>\n</tr>\n<tr>\n<td style=\"width: 20.8923%;\" width=\"88\">\n<p style=\"text-align: center;\"><span style=\"font-size: 10pt; font-family: 'microsoft yahei';\"><strong>反射率</strong></span></p>\n</td>\n<td style=\"width: 26.185%;\" width=\"168\">\n<p style=\"text-align: center;\"><span style=\"font-size: 10pt; font-family: 'microsoft yahei';\">＞99.5%@中心波长</span></p>\n</td>\n<td style=\"width: 27.3683%;\">\n<p style=\"text-align: center;\"><span style=\"font-size: 10pt; font-family: 'microsoft yahei';\">＞99%</span></p>\n</td>\n<td style=\"width: 25.5588%;\" width=\"154\">\n<p style=\"text-align: center;\"><span style=\"font-size: 10pt; font-family: 'microsoft yahei';\">＞90%</span></p>\n</td>\n</tr>\n<tr>\n<td style=\"width: 20.8923%;\" width=\"88\">\n<p style=\"text-align: center;\"><span style=\"font-size: 10pt; font-family: 'microsoft yahei';\"><strong>工作波长</strong></span></p>\n</td>\n<td style=\"width: 26.185%;\" width=\"168\">\n<p style=\"text-align: center;\"><span style=\"font-size: 10pt;\">262 nm-268 nm、349 nm-358 nm、523 nm-537 nm、1046 nm-1074 nm</span></p>\n</td>\n<td style=\"width: 27.3683%;\">\n<p style=\"text-align: center;\"><span style=\"font-size: 10pt; font-family: 'microsoft yahei';\">300 nm-750 nm、750 nm-1100 nm、1100 nm-1650 nm</span></p>\n</td>\n<td style=\"width: 25.5588%;\" width=\"154\">\n<p style=\"text-align: center;\"><span style=\"font-size: 10pt; font-family: 'microsoft yahei';\">250 nm-600 nm、450 nm-20 μm</span></p>\n</td>\n</tr>\n<tr>\n<td style=\"width: 20.8923%;\" width=\"88\">\n<p style=\"text-align: center;\"><span style=\"font-size: 10pt; font-family: 'microsoft yahei';\"><strong>材料吸收</strong></span></p>\n</td>\n<td style=\"width: 26.185%;\" width=\"168\">\n<p style=\"text-align: center;\"><span style=\"font-size: 10pt; font-family: 'microsoft yahei';\">无</span></p>\n</td>\n<td style=\"width: 27.3683%;\">\n<p style=\"text-align: center;\"><span style=\"font-size: 10pt; font-family: 'microsoft yahei';\">无</span></p>\n</td>\n<td style=\"width: 25.5588%;\" width=\"154\">\n<p style=\"text-align: center;\"><span style=\"font-size: 10pt; font-family: 'microsoft yahei';\">有</span></p>\n</td>\n</tr>\n<tr>\n<td style=\"width: 20.8923%;\" width=\"88\">\n<p style=\"text-align: center;\"><span style=\"font-size: 10pt; font-family: 'microsoft yahei';\"><strong>入射角敏感度</strong></span></p>\n</td>\n<td style=\"width: 26.185%;\" width=\"168\">\n<p style=\"text-align: center;\"><span style=\"font-size: 10pt; font-family: 'microsoft yahei';\">高</span></p>\n</td>\n<td style=\"width: 27.3683%;\">\n<p style=\"text-align: center;\"><span style=\"font-size: 10pt; font-family: 'microsoft yahei';\">高</span></p>\n</td>\n<td style=\"width: 25.5588%;\" width=\"154\">\n<p style=\"text-align: center;\"><span style=\"font-size: 10pt; font-family: 'microsoft yahei';\">低</span></p>\n</td>\n</tr>\n<tr>\n<td style=\"width: 20.8923%;\">\n<p style=\"text-align: center;\"><span style=\"font-size: 10pt; font-family: 'microsoft yahei';\"><strong>损伤阈值</strong></span></p>\n</td>\n<td style=\"width: 26.185%;\">\n<p style=\"text-align: center;\"><span style=\"font-size: 10pt; font-family: 'microsoft yahei';\">高</span></p>\n</td>\n<td style=\"width: 27.3683%;\">\n<p style=\"text-align: center;\"><span style=\"font-size: 10pt; font-family: 'microsoft yahei';\">低</span></p>\n</td>\n<td style=\"width: 25.5588%;\">\n<p style=\"text-align: center;\"><span style=\"font-size: 10pt; font-family: 'microsoft yahei';\">较低</span></p>\n</td>\n</tr>\n<tr>\n<td style=\"width: 20.8923%;\" width=\"88\">\n<p style=\"text-align: center;\"><span style=\"font-size: 10pt; font-family: 'microsoft yahei';\"><strong>硬度</strong></span></p>\n</td>\n<td style=\"width: 26.185%;\" width=\"168\">\n<p style=\"text-align: center;\"><span style=\"font-size: 10pt; font-family: 'microsoft yahei';\">高</span></p>\n</td>\n<td style=\"width: 27.3683%;\">\n<p style=\"text-align: center;\"><span style=\"font-size: 10pt; font-family: 'microsoft yahei';\">高</span></p>\n</td>\n<td style=\"width: 25.5588%;\" width=\"154\">\n<p style=\"text-align: center;\"><span style=\"font-size: 10pt; font-family: 'microsoft yahei';\">低</span></p>\n</td>\n</tr>\n<tr>\n<td style=\"width: 20.8923%;\" width=\"88\">\n<p style=\"text-align: center;\"><span style=\"font-size: 10pt; font-family: 'microsoft yahei';\"><strong>成本</strong></span></p>\n</td>\n<td style=\"width: 26.185%;\" width=\"168\">\n<p style=\"text-align: center;\"><span style=\"font-size: 10pt; font-family: 'microsoft yahei';\">高</span></p>\n</td>\n<td style=\"width: 27.3683%;\">\n<p style=\"text-align: center;\"><span style=\"font-size: 10pt; font-family: 'microsoft yahei';\">较高</span></p>\n</td>\n<td style=\"width: 25.5588%;\" width=\"154\">\n<p style=\"text-align: center;\"><span style=\"font-size: 10pt; font-family: 'microsoft yahei';\">低</span></p>\n</td>\n</tr>\n</tbody>\n</table>\n<p style=\"line-height: 2;\"> </p> </div>"
  },
  "customization": {},
  "detail_points": [
    "光学材质：紫外熔融石英",
    "高损伤阈值",
    "用途：光路偏转",
    "工作波长：262 nm-268 nm、349 nm-358 nm、523 nm-537 nm、1046 nm-1074 nm可选"
  ],
  "detail_desc": "LBTEK Nd:YAG激光线反射镜采用了高纯度紫外熔融石英和超高激光诱导损伤阈值（LIDT）介质涂层制作，能够承受高能量脉冲且损伤阈值较高。LBTEK的Nd:YAG激光线反射镜设计用于Nd:YAG激光器的基频、二倍频、三倍频和四倍频。LBTEK Nd:YAG激光线反射镜的紫外熔融石英基底，具有更好的均匀性和更低的热膨胀系数，使其在温度波动时表现更好，并且对环境影响具有更好的耐受性。LBTEK高功率激光线反射镜的工作波长有262 nm-268 nm、349 nm-358 nm、523 nm-537 nm、1046 nm-1074 nm，入射角度0°到45°，S和P偏振光的反射率均达到99%以上。",
  "common_points": [
    "工作波长：262 nm-268 nm、349 nm-358 nm、523 nm-537 nm、1046 nm-1074 nm",
    "二氧化硅保护层",
    "高损伤阈值",
    "高反射率"
  ],
  "common_desc": "LBTEK Nd:YAG激光线反射镜适用于Nd:YAG激光器，镀有高激光诱导损伤阈值（LIDT）介质膜，能够承受高能量脉冲，具有较高的损伤阈值。同时高功率激光线反射镜满足光束从0-45°入射，反射率高达99%以上。LBTEK Nd:YAG激光线反射镜提供Ø12.7 mm、Ø25.4 mm以及Ø50.8 mm三种尺寸可选，方便用户应用于不同场景。",
  "general_params": {
    "光学元件材质": "紫外熔融石英",
    "通光孔径": "85%CA，90%CA",
    "直径": "12.7 mm，25.4 mm，50.8 mm",
    "表面光洁度（划痕/麻点）": "10/5",
    "表面平整度（@633 nm）": "λ/10",
    "表面平行度": "＜3 arcmin"
  },
  "sku_set": [
    {
      "sku_id": "NPM05-266-HP",
      "wavelength": "12.7 mm",
      "input_spot": "262 nm-268 nm",
      "output_spot": "磨砂",
      "price": 771,
      "delivery": "当天"
    },
    {
      "sku_id": "NPM05-266P-HP",
      "wavelength": "12.7 mm",
      "input_spot": "262 nm-268 nm",
      "output_spot": "抛光",
      "price": 771,
      "delivery": "当天"
    },
    {
      "sku_id": "NPM10-266-HP",
      "wavelength": "25.4 mm",
      "input_spot": "262 nm-268 nm",
      "output_spot": "磨砂",
      "price": 1105,
      "delivery": "7周"
    },
    {
      "sku_id": "NPM10-266P-HP",
      "wavelength": "25.4 mm",
      "input_spot": "262 nm-268 nm",
      "output_spot": "抛光",
      "price": 1105,
      "delivery": "当天"
    },
    {
      "sku_id": "NPM20-266-HP",
      "wavelength": "50.8 mm",
      "input_spot": "262 nm-268 nm",
      "output_spot": "磨砂",
      "price": 1877,
      "delivery": "当天"
    },
    {
      "sku_id": "NPM20-266P-HP",
      "wavelength": "50.8 mm",
      "input_spot": "262 nm-268 nm",
      "output_spot": "抛光",
      "price": 1877,
      "delivery": "当天"
    },
    {
      "sku_id": "NPM05-355-HP",
      "wavelength": "12.7 mm",
      "input_spot": "349 nm-358 nm",
      "output_spot": "磨砂",
      "price": 771,
      "delivery": "当天"
    },
    {
      "sku_id": "NPM10-355-HP",
      "wavelength": "25.4 mm",
      "input_spot": "349 nm-358 nm",
      "output_spot": "磨砂",
      "price": 1105,
      "delivery": "当天"
    },
    {
      "sku_id": "NPM20-355-HP",
      "wavelength": "50.8 mm",
      "input_spot": "349 nm-358 nm",
      "output_spot": "磨砂",
      "price": 1877,
      "delivery": "当天"
    },
    {
      "sku_id": "NPM05-532-HP",
      "wavelength": "12.7 mm",
      "input_spot": "523 nm-537 nm",
      "output_spot": "磨砂",
      "price": 771,
      "delivery": "当天"
    },
    {
      "sku_id": "NPM10-532-HP",
      "wavelength": "25.4 mm",
      "input_spot": "523 nm-537 nm",
      "output_spot": "磨砂",
      "price": 1105,
      "delivery": "当天"
    },
    {
      "sku_id": "NPM20-532-HP",
      "wavelength": "50.8 mm",
      "input_spot": "523 nm-537 nm",
      "output_spot": "磨砂",
      "price": 1877,
      "delivery": "当天"
    },
    {
      "sku_id": "NPM05-1064-HP",
      "wavelength": "12.7 mm",
      "input_spot": "1046 nm-1074 nm",
      "output_spot": "磨砂",
      "price": 771,
      "delivery": "当天"
    },
    {
      "sku_id": "NPM10-1064-HP",
      "wavelength": "25.4 mm",
      "input_spot": "1046 nm-1074 nm",
      "output_spot": "磨砂",
      "price": 1105,
      "delivery": "当天"
    },
    {
      "sku_id": "NPM20-1064-HP",
      "wavelength": "50.8 mm",
      "input_spot": "1046 nm-1074 nm",
      "output_spot": "磨砂",
      "price": 1877,
      "delivery": "当天"
    }
  ]
}
