[
  {
    "name": "清华大学量子信息中心",
    "logo": "lzxxzx.png",
    "description": "清华大学量子信息中心，简称量子中心，挂靠交叉信息研究院，成立于2011年，由世界著名计算机学家、2000年图灵奖得主姚期智院士领导，清华大学姚期智讲座教授段路明担任执行主任，致力于在创建量子计算机和量子互联网的竞赛中，占据国际领先的位置，为中国在国际前沿科学研究上树立标杆，建设世界一流的量子信息研究中心和人才培养基地。",
    "detail_url": "https://www.auniontech.com/logo-11.html"
  },
  {
    "name": "北京量子信息科学研究院",
    "logo": "bjlzy.png",
    "description": "北京量子信息科学研究院（以下简称 “量子院”）成立于2017年 12月24日，是由北京市政府发起，联合北京多家顶尖学术单位 共同建设的新型研发机构。这是北京市委市政府积极响应中央战略决策，加强国际科技创新中心建设的重要举措。",
    "detail_url": "http://www.baqis.ac.cn/about/"
  },
  {
    "name": "北航精密仪器与量子传感研究院",
    "logo": "bjhkht.jpg",
    "description": "精密仪器与量子传感研究院拥有“惯性技术”国家级重点实验室，“极弱磁测量技术”教育部重点实验室，“量子传感技术”工信部重点实验室，“中英量子传感技术”教育部国际科技合作基地，“中英空间科学与技术”教育部国际合作联合实验室，北京市高速磁悬浮电机技术及应用工程技术研究中心。",
    "detail_url": "http://www.baqis.ac.cn/about/"
  },
  {
    "name": "中科院物理所",
    "logo": "wls.png",
    "description": "物理所是以物理学基础研究与应用基础研究为主的多学科、综合性研究机构。研究方向以凝聚态物理为主，包括凝聚态物理、光学、原子分子物理、等离子体物理、软物质与生物物理、理论和计算物理、材料科学与工程等。超导、拓扑、纳米、表面、极端条件等多个学科走在了世界科技最前沿",
    "detail_url": "http://www.baqis.ac.cn/about/"
  },
  {
    "name": "北京大学量子材料科学中心",
    "logo": "bdlc.jpg",
    "description": "量子材料科学中心以凝聚态物理和量子材料科学为主要研究领域，目前，中心根据研究方法分为低温及量子输运实验、谱学及高分辨探测实验、自旋及低维磁性实验、AMO实验及精密测量、凝聚态物理理论、凝聚态物理计算五个研究部分。",
    "detail_url": "http://www.baqis.ac.cn/about/"
  }
 
]