{
  "id": "4745771",
  "name": "website-science-store",
  "font_family": "iconfont",
  "css_prefix_text": "icon-",
  "description": "",
  "glyphs": [
    {
      "icon_id": "7919621",
      "name": "展开收起",
      "font_class": "zhankaishouqi-copy",
      "unicode": "e600",
      "unicode_decimal": 58880
    },
    {
      "icon_id": "18477673",
      "name": "展开收起",
      "font_class": "zhankaishouqi",
      "unicode": "e64e",
      "unicode_decimal": 58958
    },
    {
      "icon_id": "34452806",
      "name": "customer-businessman-fill",
      "font_class": "customer-businessman-fill",
      "unicode": "e8b4",
      "unicode_decimal": 59572
    },
    {
      "icon_id": "34452807",
      "name": "customer-add",
      "font_class": "customer-add",
      "unicode": "e8b5",
      "unicode_decimal": 59573
    },
    {
      "icon_id": "34452808",
      "name": "customer-bussinessman",
      "font_class": "customer-bussinessman",
      "unicode": "e8b6",
      "unicode_decimal": 59574
    },
    {
      "icon_id": "34452809",
      "name": "customer-add-fill",
      "font_class": "customer-add-fill",
      "unicode": "e8b7",
      "unicode_decimal": 59575
    },
    {
      "icon_id": "34452810",
      "name": "customer-certified",
      "font_class": "customer-certified",
      "unicode": "e8b8",
      "unicode_decimal": 59576
    },
    {
      "icon_id": "34452811",
      "name": "customer-certified-fill",
      "font_class": "customer-certified-fill",
      "unicode": "e8b9",
      "unicode_decimal": 59577
    },
    {
      "icon_id": "34452812",
      "name": "customer-center",
      "font_class": "customer-center",
      "unicode": "e8ba",
      "unicode_decimal": 59578
    },
    {
      "icon_id": "34452813",
      "name": "customer-filter-fill",
      "font_class": "customer-filter-fill",
      "unicode": "e8bb",
      "unicode_decimal": 59579
    },
    {
      "icon_id": "34452814",
      "name": "customer-fill",
      "font_class": "customer-fill",
      "unicode": "e8bc",
      "unicode_decimal": 59580
    },
    {
      "icon_id": "34452815",
      "name": "customer-fee",
      "font_class": "customer-fee",
      "unicode": "e8bd",
      "unicode_decimal": 59581
    },
    {
      "icon_id": "15726798",
      "name": "购物商城",
      "font_class": "gouwushangcheng",
      "unicode": "e611",
      "unicode_decimal": 58897
    },
    {
      "icon_id": "34452758",
      "name": "business-icon-Big promotion",
      "font_class": "a-business-icon-Bigpromotion",
      "unicode": "e822",
      "unicode_decimal": 59426
    },
    {
      "icon_id": "34452794",
      "name": "cart-full",
      "font_class": "cart-full",
      "unicode": "e826",
      "unicode_decimal": 59430
    },
    {
      "icon_id": "34452796",
      "name": "cart-empty",
      "font_class": "cart-empty",
      "unicode": "e827",
      "unicode_decimal": 59431
    },
    {
      "icon_id": "34452797",
      "name": "cart-empty-fill",
      "font_class": "cart-empty-fill",
      "unicode": "e828",
      "unicode_decimal": 59432
    },
    {
      "icon_id": "34452798",
      "name": "catalog",
      "font_class": "catalog",
      "unicode": "e829",
      "unicode_decimal": 59433
    },
    {
      "icon_id": "34452799",
      "name": "charts-pie",
      "font_class": "charts-pie",
      "unicode": "e82a",
      "unicode_decimal": 59434
    },
    {
      "icon_id": "34452800",
      "name": "catalog-download",
      "font_class": "catalog-download",
      "unicode": "e82b",
      "unicode_decimal": 59435
    },
    {
      "icon_id": "34452801",
      "name": "charts-curve",
      "font_class": "charts-curve",
      "unicode": "e82c",
      "unicode_decimal": 59436
    },
    {
      "icon_id": "34452802",
      "name": "charts-bar",
      "font_class": "charts-bar",
      "unicode": "e82d",
      "unicode_decimal": 59437
    },
    {
      "icon_id": "34452803",
      "name": "cart-search-fill",
      "font_class": "cart-search-fill",
      "unicode": "e82e",
      "unicode_decimal": 59438
    },
    {
      "icon_id": "34452804",
      "name": "costoms",
      "font_class": "costoms",
      "unicode": "e82f",
      "unicode_decimal": 59439
    },
    {
      "icon_id": "34452849",
      "name": "format-gif",
      "font_class": "format-gif",
      "unicode": "e830",
      "unicode_decimal": 59440
    },
    {
      "icon_id": "34452850",
      "name": "format-tif",
      "font_class": "format-tif",
      "unicode": "e831",
      "unicode_decimal": 59441
    },
    {
      "icon_id": "34452859",
      "name": "format-pdf",
      "font_class": "format-pdf",
      "unicode": "e832",
      "unicode_decimal": 59442
    },
    {
      "icon_id": "34452860",
      "name": "format-jpeg",
      "font_class": "format-jpeg",
      "unicode": "e833",
      "unicode_decimal": 59443
    },
    {
      "icon_id": "34452861",
      "name": "format-png",
      "font_class": "format-png",
      "unicode": "e834",
      "unicode_decimal": 59444
    },
    {
      "icon_id": "34452863",
      "name": "goods",
      "font_class": "goods",
      "unicode": "e835",
      "unicode_decimal": 59445
    },
    {
      "icon_id": "34452864",
      "name": "goods-fill",
      "font_class": "goods-fill",
      "unicode": "e836",
      "unicode_decimal": 59446
    },
    {
      "icon_id": "34452865",
      "name": "goods-start-to-ship-fill",
      "font_class": "goods-start-to-ship-fill",
      "unicode": "e837",
      "unicode_decimal": 59447
    },
    {
      "icon_id": "34452866",
      "name": "logistics-data-fill",
      "font_class": "logistics-data-fill",
      "unicode": "e838",
      "unicode_decimal": 59448
    },
    {
      "icon_id": "34452867",
      "name": "logistics-picked-up",
      "font_class": "logistics-picked-up",
      "unicode": "e839",
      "unicode_decimal": 59449
    },
    {
      "icon_id": "34452872",
      "name": "format-zip",
      "font_class": "format-zip",
      "unicode": "e83a",
      "unicode_decimal": 59450
    },
    {
      "icon_id": "34452877",
      "name": "message-language",
      "font_class": "message-language",
      "unicode": "e83b",
      "unicode_decimal": 59451
    },
    {
      "icon_id": "34452881",
      "name": "logistics-tracking-fill",
      "font_class": "logistics-tracking-fill",
      "unicode": "e83c",
      "unicode_decimal": 59452
    },
    {
      "icon_id": "34452904",
      "name": "money-rmb",
      "font_class": "money-rmb",
      "unicode": "e83d",
      "unicode_decimal": 59453
    },
    {
      "icon_id": "34452906",
      "name": "money-rmb-symbol",
      "font_class": "money-rmb-symbol",
      "unicode": "e83e",
      "unicode_decimal": 59454
    },
    {
      "icon_id": "34452907",
      "name": "money-red-packet-fill",
      "font_class": "money-red-packet-fill",
      "unicode": "e83f",
      "unicode_decimal": 59455
    },
    {
      "icon_id": "34452908",
      "name": "money-rmb-fill",
      "font_class": "money-rmb-fill",
      "unicode": "e840",
      "unicode_decimal": 59456
    },
    {
      "icon_id": "34452909",
      "name": "money-wallet-fill",
      "font_class": "money-wallet-fill",
      "unicode": "e841",
      "unicode_decimal": 59457
    },
    {
      "icon_id": "34452922",
      "name": "order-upload",
      "font_class": "order-upload",
      "unicode": "e842",
      "unicode_decimal": 59458
    },
    {
      "icon_id": "34452924",
      "name": "order-success",
      "font_class": "order-success",
      "unicode": "e843",
      "unicode_decimal": 59459
    },
    {
      "icon_id": "34452925",
      "name": "order",
      "font_class": "order",
      "unicode": "e844",
      "unicode_decimal": 59460
    },
    {
      "icon_id": "34452926",
      "name": "order-inspection",
      "font_class": "order-inspection",
      "unicode": "e845",
      "unicode_decimal": 59461
    },
    {
      "icon_id": "34452927",
      "name": "product-checked",
      "font_class": "product-checked",
      "unicode": "e846",
      "unicode_decimal": 59462
    },
    {
      "icon_id": "34452928",
      "name": "order-manage",
      "font_class": "order-manage",
      "unicode": "e847",
      "unicode_decimal": 59463
    },
    {
      "icon_id": "34452929",
      "name": "order-success-fill",
      "font_class": "order-success-fill",
      "unicode": "e848",
      "unicode_decimal": 59464
    },
    {
      "icon_id": "34452930",
      "name": "order-rejected-fill",
      "font_class": "order-rejected-fill",
      "unicode": "e849",
      "unicode_decimal": 59465
    },
    {
      "icon_id": "34452931",
      "name": "product-get-catalog-fill",
      "font_class": "product-get-catalog-fill",
      "unicode": "e84a",
      "unicode_decimal": 59466
    },
    {
      "icon_id": "34452932",
      "name": "order-manage-fill",
      "font_class": "order-manage-fill",
      "unicode": "e84b",
      "unicode_decimal": 59467
    },
    {
      "icon_id": "34452933",
      "name": "product-checked-fill",
      "font_class": "product-checked-fill",
      "unicode": "e84c",
      "unicode_decimal": 59468
    },
    {
      "icon_id": "34452934",
      "name": "money-transfer",
      "font_class": "money-transfer",
      "unicode": "e84d",
      "unicode_decimal": 59469
    },
    {
      "icon_id": "34452955",
      "name": "add-btn",
      "font_class": "add-btn",
      "unicode": "e84e",
      "unicode_decimal": 59470
    },
    {
      "icon_id": "34452956",
      "name": "add",
      "font_class": "add",
      "unicode": "e84f",
      "unicode_decimal": 59471
    },
    {
      "icon_id": "34452961",
      "name": "atm",
      "font_class": "atm",
      "unicode": "e850",
      "unicode_decimal": 59472
    },
    {
      "icon_id": "34452962",
      "name": "attachent",
      "font_class": "attachent",
      "unicode": "e851",
      "unicode_decimal": 59473
    },
    {
      "icon_id": "34452963",
      "name": "bad-fill",
      "font_class": "bad-fill",
      "unicode": "e852",
      "unicode_decimal": 59474
    },
    {
      "icon_id": "34452964",
      "name": "bad",
      "font_class": "bad",
      "unicode": "e853",
      "unicode_decimal": 59475
    },
    {
      "icon_id": "34452968",
      "name": "down-arrow",
      "font_class": "down-arrow",
      "unicode": "e854",
      "unicode_decimal": 59476
    },
    {
      "icon_id": "34452969",
      "name": "delete-fill",
      "font_class": "delete-fill",
      "unicode": "e855",
      "unicode_decimal": 59477
    },
    {
      "icon_id": "34452970",
      "name": "calendar",
      "font_class": "calendar",
      "unicode": "e856",
      "unicode_decimal": 59478
    },
    {
      "icon_id": "34452983",
      "name": "calculator",
      "font_class": "calculator",
      "unicode": "e857",
      "unicode_decimal": 59479
    },
    {
      "icon_id": "34452987",
      "name": "down",
      "font_class": "down",
      "unicode": "e858",
      "unicode_decimal": 59480
    },
    {
      "icon_id": "34452990",
      "name": "delete",
      "font_class": "delete",
      "unicode": "e859",
      "unicode_decimal": 59481
    },
    {
      "icon_id": "34452992",
      "name": "cut",
      "font_class": "cut",
      "unicode": "e85a",
      "unicode_decimal": 59482
    },
    {
      "icon_id": "34452995",
      "name": "download",
      "font_class": "download",
      "unicode": "e85b",
      "unicode_decimal": 59483
    },
    {
      "icon_id": "34452996",
      "name": "copy",
      "font_class": "copy",
      "unicode": "e85c",
      "unicode_decimal": 59484
    },
    {
      "icon_id": "34452998",
      "name": "gallery",
      "font_class": "gallery",
      "unicode": "e85d",
      "unicode_decimal": 59485
    },
    {
      "icon_id": "34452999",
      "name": "good-fill",
      "font_class": "good-fill",
      "unicode": "e85e",
      "unicode_decimal": 59486
    },
    {
      "icon_id": "34453000",
      "name": "follow",
      "font_class": "follow",
      "unicode": "e85f",
      "unicode_decimal": 59487
    },
    {
      "icon_id": "34453001",
      "name": "follow-fill",
      "font_class": "follow-fill",
      "unicode": "e860",
      "unicode_decimal": 59488
    },
    {
      "icon_id": "34453005",
      "name": "left",
      "font_class": "left",
      "unicode": "e861",
      "unicode_decimal": 59489
    },
    {
      "icon_id": "34453008",
      "name": "left-arrow",
      "font_class": "left-arrow",
      "unicode": "e862",
      "unicode_decimal": 59490
    },
    {
      "icon_id": "34453010",
      "name": "lower-left-arrow",
      "font_class": "lower-left-arrow",
      "unicode": "e863",
      "unicode_decimal": 59491
    },
    {
      "icon_id": "34453011",
      "name": "lock",
      "font_class": "lock",
      "unicode": "e864",
      "unicode_decimal": 59492
    },
    {
      "icon_id": "34453012",
      "name": "left-btn",
      "font_class": "left-btn",
      "unicode": "e865",
      "unicode_decimal": 59493
    },
    {
      "icon_id": "34453015",
      "name": "info",
      "font_class": "info",
      "unicode": "e866",
      "unicode_decimal": 59494
    },
    {
      "icon_id": "34453018",
      "name": "location-fill",
      "font_class": "location-fill",
      "unicode": "e867",
      "unicode_decimal": 59495
    },
    {
      "icon_id": "34453019",
      "name": "mute",
      "font_class": "mute",
      "unicode": "e868",
      "unicode_decimal": 59496
    },
    {
      "icon_id": "34453022",
      "name": "left-double-arrow",
      "font_class": "left-double-arrow",
      "unicode": "e869",
      "unicode_decimal": 59497
    },
    {
      "icon_id": "34453038",
      "name": "right",
      "font_class": "right",
      "unicode": "e86a",
      "unicode_decimal": 59498
    },
    {
      "icon_id": "34453043",
      "name": "selected",
      "font_class": "selected",
      "unicode": "e86b",
      "unicode_decimal": 59499
    },
    {
      "icon_id": "34453046",
      "name": "right-arrow",
      "font_class": "right-arrow",
      "unicode": "e86c",
      "unicode_decimal": 59500
    },
    {
      "icon_id": "34453048",
      "name": "return",
      "font_class": "return",
      "unicode": "e86d",
      "unicode_decimal": 59501
    },
    {
      "icon_id": "34453049",
      "name": "search",
      "font_class": "search",
      "unicode": "e86e",
      "unicode_decimal": 59502
    },
    {
      "icon_id": "34453052",
      "name": "scan",
      "font_class": "scan",
      "unicode": "e86f",
      "unicode_decimal": 59503
    },
    {
      "icon_id": "34453058",
      "name": "settings",
      "font_class": "settings",
      "unicode": "e870",
      "unicode_decimal": 59504
    },
    {
      "icon_id": "34453060",
      "name": "stop-fill",
      "font_class": "stop-fill",
      "unicode": "e871",
      "unicode_decimal": 59505
    },
    {
      "icon_id": "34453062",
      "name": "sorting",
      "font_class": "sorting",
      "unicode": "e872",
      "unicode_decimal": 59506
    },
    {
      "icon_id": "34453063",
      "name": "success-fill",
      "font_class": "success-fill",
      "unicode": "e873",
      "unicode_decimal": 59507
    },
    {
      "icon_id": "34453065",
      "name": "success",
      "font_class": "success",
      "unicode": "e874",
      "unicode_decimal": 59508
    },
    {
      "icon_id": "34453069",
      "name": "up-arrow",
      "font_class": "up-arrow",
      "unicode": "e875",
      "unicode_decimal": 59509
    },
    {
      "icon_id": "34453070",
      "name": "up-btn-fill",
      "font_class": "up-btn-fill",
      "unicode": "e876",
      "unicode_decimal": 59510
    },
    {
      "icon_id": "34453071",
      "name": "up-btn",
      "font_class": "up-btn",
      "unicode": "e877",
      "unicode_decimal": 59511
    },
    {
      "icon_id": "34453072",
      "name": "up",
      "font_class": "up",
      "unicode": "e878",
      "unicode_decimal": 59512
    },
    {
      "icon_id": "34453074",
      "name": "upper-right-arrow",
      "font_class": "upper-right-arrow",
      "unicode": "e879",
      "unicode_decimal": 59513
    },
    {
      "icon_id": "34453077",
      "name": "view-fill",
      "font_class": "view-fill",
      "unicode": "e87a",
      "unicode_decimal": 59514
    },
    {
      "icon_id": "34453078",
      "name": "upper-left-arrow",
      "font_class": "upper-left-arrow",
      "unicode": "e87b",
      "unicode_decimal": 59515
    },
    {
      "icon_id": "34453085",
      "name": "zoom-in",
      "font_class": "zoom-in",
      "unicode": "e87c",
      "unicode_decimal": 59516
    },
    {
      "icon_id": "34453086",
      "name": "zoom-out",
      "font_class": "zoom-out",
      "unicode": "e87d",
      "unicode_decimal": 59517
    },
    {
      "icon_id": "34453087",
      "name": "zoom-in-fill",
      "font_class": "zoom-in-fill",
      "unicode": "e87e",
      "unicode_decimal": 59518
    },
    {
      "icon_id": "34453162",
      "name": "all",
      "font_class": "all",
      "unicode": "e87f",
      "unicode_decimal": 59519
    },
    {
      "icon_id": "34453163",
      "name": "address-book",
      "font_class": "address-book",
      "unicode": "e880",
      "unicode_decimal": 59520
    },
    {
      "icon_id": "34453170",
      "name": "cascades",
      "font_class": "cascades",
      "unicode": "e881",
      "unicode_decimal": 59521
    },
    {
      "icon_id": "34453171",
      "name": "category-add",
      "font_class": "category-add",
      "unicode": "e882",
      "unicode_decimal": 59522
    },
    {
      "icon_id": "34453173",
      "name": "category",
      "font_class": "category",
      "unicode": "e883",
      "unicode_decimal": 59523
    },
    {
      "icon_id": "34453175",
      "name": "click",
      "font_class": "click",
      "unicode": "e884",
      "unicode_decimal": 59524
    },
    {
      "icon_id": "34453176",
      "name": "code",
      "font_class": "code",
      "unicode": "e885",
      "unicode_decimal": 59525
    },
    {
      "icon_id": "34453177",
      "name": "computer-fill",
      "font_class": "computer-fill",
      "unicode": "e886",
      "unicode_decimal": 59526
    },
    {
      "icon_id": "34453178",
      "name": "component",
      "font_class": "component",
      "unicode": "e887",
      "unicode_decimal": 59527
    },
    {
      "icon_id": "34453179",
      "name": "computer",
      "font_class": "computer",
      "unicode": "e888",
      "unicode_decimal": 59528
    },
    {
      "icon_id": "34453180",
      "name": "company-fill",
      "font_class": "company-fill",
      "unicode": "e889",
      "unicode_decimal": 59529
    },
    {
      "icon_id": "34453181",
      "name": "conditions",
      "font_class": "conditions",
      "unicode": "e88a",
      "unicode_decimal": 59530
    },
    {
      "icon_id": "34453183",
      "name": "connections",
      "font_class": "connections",
      "unicode": "e88b",
      "unicode_decimal": 59531
    },
    {
      "icon_id": "34453184",
      "name": "company",
      "font_class": "company",
      "unicode": "e88c",
      "unicode_decimal": 59532
    },
    {
      "icon_id": "34453185",
      "name": "coupon",
      "font_class": "coupon",
      "unicode": "e88d",
      "unicode_decimal": 59533
    },
    {
      "icon_id": "34453190",
      "name": "customer-service-fill",
      "font_class": "customer-service-fill",
      "unicode": "e88e",
      "unicode_decimal": 59534
    },
    {
      "icon_id": "34453191",
      "name": "customer-service-24hour-fill",
      "font_class": "customer-service-24hour-fill",
      "unicode": "e88f",
      "unicode_decimal": 59535
    },
    {
      "icon_id": "34453192",
      "name": "customer-service-24hour",
      "font_class": "customer-service-24hour",
      "unicode": "e890",
      "unicode_decimal": 59536
    },
    {
      "icon_id": "34453193",
      "name": "customer-service",
      "font_class": "customer-service",
      "unicode": "e891",
      "unicode_decimal": 59537
    },
    {
      "icon_id": "34453194",
      "name": "customization-fill",
      "font_class": "customization-fill",
      "unicode": "e892",
      "unicode_decimal": 59538
    },
    {
      "icon_id": "34453195",
      "name": "customization",
      "font_class": "customization",
      "unicode": "e893",
      "unicode_decimal": 59539
    },
    {
      "icon_id": "34453196",
      "name": "decorate-fill",
      "font_class": "decorate-fill",
      "unicode": "e894",
      "unicode_decimal": 59540
    },
    {
      "icon_id": "34453197",
      "name": "decorate",
      "font_class": "decorate",
      "unicode": "e895",
      "unicode_decimal": 59541
    },
    {
      "icon_id": "34453198",
      "name": "discount-fill",
      "font_class": "discount-fill",
      "unicode": "e896",
      "unicode_decimal": 59542
    },
    {
      "icon_id": "34453199",
      "name": "discount",
      "font_class": "discount",
      "unicode": "e897",
      "unicode_decimal": 59543
    },
    {
      "icon_id": "34453202",
      "name": "flag",
      "font_class": "flag",
      "unicode": "e898",
      "unicode_decimal": 59544
    },
    {
      "icon_id": "34453207",
      "name": "global-fill",
      "font_class": "global-fill",
      "unicode": "e899",
      "unicode_decimal": 59545
    },
    {
      "icon_id": "34453208",
      "name": "email",
      "font_class": "email",
      "unicode": "e89a",
      "unicode_decimal": 59546
    },
    {
      "icon_id": "34453229",
      "name": "layers-fill",
      "font_class": "layers-fill",
      "unicode": "e89b",
      "unicode_decimal": 59547
    },
    {
      "icon_id": "34453243",
      "name": "phone-fill",
      "font_class": "phone-fill",
      "unicode": "e89c",
      "unicode_decimal": 59548
    },
    {
      "icon_id": "34453244",
      "name": "phone",
      "font_class": "phone",
      "unicode": "e89d",
      "unicode_decimal": 59549
    },
    {
      "icon_id": "34453251",
      "name": "pin-fill",
      "font_class": "pin-fill",
      "unicode": "e89e",
      "unicode_decimal": 59550
    },
    {
      "icon_id": "34453254",
      "name": "qr-code",
      "font_class": "qr-code",
      "unicode": "e89f",
      "unicode_decimal": 59551
    },
    {
      "icon_id": "34453255",
      "name": "print-fill",
      "font_class": "print-fill",
      "unicode": "e8a0",
      "unicode_decimal": 59552
    },
    {
      "icon_id": "34453258",
      "name": "pictures",
      "font_class": "pictures",
      "unicode": "e8a1",
      "unicode_decimal": 59553
    },
    {
      "icon_id": "34453261",
      "name": "quick",
      "font_class": "quick",
      "unicode": "e8a2",
      "unicode_decimal": 59554
    },
    {
      "icon_id": "34453264",
      "name": "response",
      "font_class": "response",
      "unicode": "e8a3",
      "unicode_decimal": 59555
    },
    {
      "icon_id": "34453266",
      "name": "response-fill",
      "font_class": "response-fill",
      "unicode": "e8a4",
      "unicode_decimal": 59556
    },
    {
      "icon_id": "34453267",
      "name": "save",
      "font_class": "save",
      "unicode": "e8a5",
      "unicode_decimal": 59557
    },
    {
      "icon_id": "34453270",
      "name": "scenes",
      "font_class": "scenes",
      "unicode": "e8a6",
      "unicode_decimal": 59558
    },
    {
      "icon_id": "34453274",
      "name": "shopping-fill",
      "font_class": "shopping-fill",
      "unicode": "e8a7",
      "unicode_decimal": 59559
    },
    {
      "icon_id": "34453283",
      "name": "stamping-service",
      "font_class": "stamping-service",
      "unicode": "e8a8",
      "unicode_decimal": 59560
    },
    {
      "icon_id": "34453288",
      "name": "table-fill",
      "font_class": "table-fill",
      "unicode": "e8a9",
      "unicode_decimal": 59561
    },
    {
      "icon_id": "34453289",
      "name": "table",
      "font_class": "table",
      "unicode": "e8aa",
      "unicode_decimal": 59562
    },
    {
      "icon_id": "34453290",
      "name": "tap",
      "font_class": "tap",
      "unicode": "e8ab",
      "unicode_decimal": 59563
    },
    {
      "icon_id": "34453291",
      "name": "teaching",
      "font_class": "teaching",
      "unicode": "e8ac",
      "unicode_decimal": 59564
    },
    {
      "icon_id": "34453292",
      "name": "template-fill",
      "font_class": "template-fill",
      "unicode": "e8ad",
      "unicode_decimal": 59565
    },
    {
      "icon_id": "34453293",
      "name": "tool-fill",
      "font_class": "tool-fill",
      "unicode": "e8ae",
      "unicode_decimal": 59566
    },
    {
      "icon_id": "34453294",
      "name": "training-fill",
      "font_class": "training-fill",
      "unicode": "e8af",
      "unicode_decimal": 59567
    },
    {
      "icon_id": "34453310",
      "name": "vip-fill",
      "font_class": "vip-fill",
      "unicode": "e8b0",
      "unicode_decimal": 59568
    },
    {
      "icon_id": "34453311",
      "name": "vip-management",
      "font_class": "vip-management",
      "unicode": "e8b1",
      "unicode_decimal": 59569
    },
    {
      "icon_id": "34453312",
      "name": "vip",
      "font_class": "vip",
      "unicode": "e8b2",
      "unicode_decimal": 59570
    },
    {
      "icon_id": "34453356",
      "name": "人才双选会",
      "font_class": "rencaishuangxuanhui",
      "unicode": "e8b3",
      "unicode_decimal": 59571
    }
  ]
}
